ORDER_ID,DELIVERY_PARTNER_ID,PROMISED_TIME,ACTUAL_TIME,DELIVERY_TIME_MINUTES,DISTANCE_KM,DELIVERY_STATUS,REASONS_IF_DELAYED
2237858,97945,2023-04-02 04:00:00,2023-04-02 03:57:00,-3,5.90,On Time,
5120698,48582,2023-06-09 12:25:00,2023-06-09 12:22:00,-3,5.60,On Time,
15642223,43306,2023-11-06 21:24:00,2023-11-06 21:27:00,3,3.53,On Time,
22830983,39491,2023-06-04 21:26:00,2023-06-04 21:23:00,-3,0.54,On Time,
32613017,77303,2023-03-17 00:36:00,2023-03-17 00:41:00,5,4.60,Slightly Delayed,Order re-preparation required
42332130,54725,2024-10-17 17:18:00,2024-10-17 17:08:00,-10,0.54,Early,
65827885,1108,2023-07-27 00:25:00,2023-07-27 00:39:00,14,6.39,Slightly Delayed,Rider got lost
77053363,3429,2023-05-04 19:38:00,2023-05-04 19:40:00,2,5.31,On Time,
80296810,15362,2024-06-05 03:52:00,2024-06-05 03:48:00,-4,1.39,Early,
103589925,83678,2024-05-17 23:42:00,2024-05-17 23:41:00,-1,1.91,On Time,
121874867,69733,2023-03-28 01:10:00,2023-03-28 01:07:00,-3,4.59,On Time,
137089318,32581,2024-05-23 15:53:00,2024-05-23 15:56:00,3,5.46,On Time,
145057465,2353,2024-11-02 09:09:00,2024-11-02 09:01:00,-8,1.26,Early,
155295996,5364,2024-06-29 03:16:00,2024-06-29 03:07:00,-9,0.87,Early,
159394992,28600,2024-08-06 06:59:00,2024-08-06 07:14:00,15,5.75,Slightly Delayed,Weather conditions - heavy rain
172987148,66833,2024-11-03 16:56:00,2024-11-03 16:57:00,1,3.13,On Time,
174306009,35598,2024-08-09 00:35:00,2024-08-09 00:31:00,-4,4.82,Early,
177850987,61247,2023-11-07 14:25:00,2023-11-07 14:25:00,0,3.58,On Time,
187728451,36559,2023-11-27 21:16:00,2023-11-27 21:12:00,-4,6.00,Early,
192109127,98838,2024-09-16 08:39:00,2024-09-16 08:48:00,9,7.16,Slightly Delayed,Order re-preparation required
194459698,66295,2023-06-15 15:59:00,2023-06-15 16:02:00,3,6.79,On Time,
202466684,51649,2023-08-08 06:16:00,2023-08-08 06:52:00,36,2.83,Delayed,Rider got lost
210693801,14789,2024-08-21 04:10:00,2024-08-21 04:08:00,-2,5.06,On Time,
214919848,66328,2024-01-06 08:00:00,2024-01-06 08:01:00,1,4.12,On Time,
233646065,56968,2023-09-19 22:43:00,2023-09-19 22:43:00,0,1.37,On Time,
238520071,91088,2024-02-20 05:44:00,2024-02-20 05:41:00,-3,3.93,On Time,
259622674,43788,2023-05-05 00:47:00,2023-05-05 00:45:00,-2,7.68,On Time,
267738904,73022,2023-10-24 23:24:00,2023-10-24 23:31:00,7,1.86,Slightly Delayed,Rider assigned late
277376321,78589,2024-07-28 04:45:00,2024-07-28 04:44:00,-1,1.28,On Time,
277502363,18055,2023-12-28 14:04:00,2023-12-28 14:01:00,-3,4.44,On Time,
279851011,73623,2023-04-11 09:58:00,2023-04-11 09:55:00,-3,3.92,On Time,
299859815,62089,2024-01-16 03:03:00,2024-01-16 03:38:00,35,7.06,Delayed,Multiple delivery batching
328909145,32899,2024-09-26 16:53:00,2024-09-26 16:56:00,3,6.54,On Time,
340050407,68329,2024-10-15 13:32:00,2024-10-15 14:08:00,36,5.70,Delayed,Store packaging delay
344177904,86602,2023-08-18 00:49:00,2023-08-18 00:52:00,3,3.05,On Time,
352569720,23236,2023-06-23 00:39:00,2023-06-23 00:45:00,6,2.54,Slightly Delayed,Rider assigned late
356495722,57795,2024-06-02 00:34:00,2024-06-02 00:31:00,-3,0.54,On Time,
359819834,70910,2023-12-27 12:56:00,2023-12-27 13:27:00,31,1.47,Delayed,Customer location hard to find
374186990,77203,2023-08-09 01:37:00,2023-08-09 01:39:00,2,2.57,On Time,
379494532,99227,2024-07-07 13:42:00,2024-07-07 13:41:00,-1,7.51,On Time,
394951937,34174,2024-04-24 18:12:00,2024-04-24 18:08:00,-4,0.67,Early,
408720270,2311,2024-06-26 22:22:00,2024-06-26 22:20:00,-2,2.31,On Time,
422403644,23782,2023-05-27 23:46:00,2023-05-27 23:48:00,2,4.07,On Time,
436184281,59936,2023-11-20 12:55:00,2023-11-20 12:57:00,2,1.36,On Time,
436603801,64535,2023-12-28 10:14:00,2023-12-28 10:14:00,0,0.82,On Time,
438111050,24502,2024-05-03 23:56:00,2024-05-03 23:55:00,-1,3.30,On Time,
447464341,85334,2024-03-03 13:06:00,2024-03-03 13:03:00,-3,6.59,On Time,
484869710,41598,2023-09-09 12:05:00,2023-09-09 12:03:00,-2,7.92,On Time,
486085268,90390,2023-12-11 19:51:00,2023-12-11 19:54:00,3,4.61,On Time,
487327038,84314,2023-10-05 00:41:00,2023-10-05 00:38:00,-3,1.17,On Time,
489762747,93825,2024-09-27 16:52:00,2024-09-27 16:49:00,-3,2.85,On Time,
502764834,88857,2024-08-02 18:13:00,2024-08-02 18:08:00,-5,4.48,Early,
511736499,49116,2024-10-24 21:33:00,2024-10-24 21:42:00,9,0.66,Slightly Delayed,Weather conditions - heavy rain
532660797,97547,2024-05-20 06:37:00,2024-05-20 06:39:00,2,4.44,On Time,
551343632,89726,2024-02-20 20:04:00,2024-02-20 20:24:00,20,5.17,Delayed,Multiple delivery batching
552470423,27605,2024-02-27 02:45:00,2024-02-27 02:44:00,-1,7.24,On Time,
556665455,18521,2024-02-08 01:22:00,2024-02-08 01:27:00,5,7.27,Slightly Delayed,Vehicle breakdown
559245731,20247,2024-09-08 16:06:00,2024-09-08 16:08:00,2,1.47,On Time,
605105099,39281,2023-12-30 08:32:00,2023-12-30 08:33:00,1,1.31,On Time,
606518084,96049,2023-10-28 16:21:00,2023-10-28 16:22:00,1,1.40,On Time,
609838437,34363,2023-12-13 05:18:00,2023-12-13 05:55:00,37,3.49,Delayed,Road closure or diversion
615391848,2990,2024-09-12 21:57:00,2024-09-12 21:49:00,-8,1.26,Early,
619198317,83654,2023-11-20 17:16:00,2023-11-20 17:16:00,0,2.92,On Time,
637944734,35435,2023-04-01 09:35:00,2023-04-01 09:47:00,12,6.84,Slightly Delayed,Restaurant preparation delay
645916247,98927,2023-10-10 03:03:00,2023-10-10 03:15:00,12,5.49,Slightly Delayed,Rider assigned late
647012431,94183,2024-06-16 13:27:00,2024-06-16 13:24:00,-3,4.69,Early,
652616858,25092,2023-05-22 12:10:00,2023-05-22 12:07:00,-3,4.12,On Time,
662460037,2466,2024-10-11 01:08:00,2024-10-11 01:16:00,8,1.00,Slightly Delayed,Multiple delivery batching
664198080,4941,2023-08-12 06:42:00,2023-08-12 06:46:00,4,4.88,Slightly Delayed,High demand surge
687711388,44884,2024-02-02 10:28:00,2024-02-02 10:28:00,0,2.47,On Time,
690097648,92460,2023-12-27 20:30:00,2023-12-27 20:32:00,2,4.86,On Time,
697061213,80729,2023-03-25 09:52:00,2023-03-25 09:53:00,1,6.81,On Time,
707033578,33360,2024-01-30 00:48:00,2024-01-30 01:31:00,43,2.19,Delayed,Restaurant preparation delay
721004875,61840,2023-10-09 05:13:00,2023-10-09 05:10:00,-3,7.76,On Time,
734095510,6790,2024-06-03 21:44:00,2024-06-03 21:46:00,2,5.01,On Time,
734744305,80005,2024-06-08 12:14:00,2024-06-08 12:44:00,30,4.21,Delayed,Multiple delivery batching
739434870,55365,2023-09-05 23:22:00,2023-09-05 23:25:00,3,1.80,On Time,
744721438,47635,2024-02-25 13:03:00,2024-02-25 13:00:00,-3,2.54,Early,
772505056,3187,2023-07-13 01:20:00,2023-07-13 01:11:00,-9,4.94,Early,
775709102,73558,2023-08-26 03:14:00,2023-08-26 03:12:00,-2,8.43,On Time,
807934194,59454,2024-01-13 01:58:00,2024-01-13 02:09:00,11,0.76,Slightly Delayed,Rider assigned late
819143326,73801,2024-01-10 19:34:00,2024-01-10 19:44:00,10,4.02,Slightly Delayed,Customer location hard to find
822235931,1773,2023-08-09 07:27:00,2023-08-09 07:29:00,2,6.99,On Time,
826610039,72915,2023-08-17 14:04:00,2023-08-17 14:02:00,-2,2.29,On Time,
838401679,83793,2023-07-23 07:40:00,2023-07-23 08:20:00,40,3.41,Delayed,High demand surge
840761323,88697,2024-03-09 06:30:00,2024-03-09 06:41:00,11,2.07,Slightly Delayed,Rider got lost
852886125,85502,2023-07-14 02:18:00,2023-07-14 02:18:00,0,2.39,On Time,
869629562,80715,2023-05-05 21:38:00,2023-05-05 21:52:00,14,3.93,Slightly Delayed,Rider assigned late
877883470,55423,2023-06-07 13:50:00,2023-06-07 13:49:00,-1,8.48,On Time,
883309006,23074,2024-04-09 08:22:00,2024-04-09 08:25:00,3,2.86,On Time,
888510905,21909,2024-06-27 18:18:00,2024-06-27 18:19:00,1,7.33,On Time,
923659418,24003,2023-04-16 13:32:00,2023-04-16 13:35:00,3,1.23,On Time,
931834374,48992,2024-09-30 13:11:00,2024-09-30 13:25:00,14,4.70,Slightly Delayed,Restaurant preparation delay
964698323,88842,2024-09-30 23:34:00,2024-09-30 23:35:00,1,5.00,On Time,
964822979,42914,2024-07-13 10:49:00,2024-07-13 11:17:00,28,6.98,Delayed,Road closure or diversion
969621016,16277,2024-01-23 19:34:00,2024-01-23 19:24:00,-10,0.88,Early,
970377475,2460,2024-09-03 22:57:00,2024-09-03 22:52:00,-5,5.10,Early,
971081962,62842,2024-08-29 01:55:00,2024-08-29 02:15:00,20,1.74,Delayed,Weather conditions - heavy rain
992302540,12863,2023-11-26 21:51:00,2023-11-26 22:36:00,45,1.57,Delayed,Order re-preparation required
1001900652,85241,2024-09-08 20:19:00,2024-09-08 20:55:00,36,5.85,Delayed,Customer location hard to find
1002438039,52508,2024-02-17 03:44:00,2024-02-17 03:44:00,0,2.74,On Time,
1023260165,93967,2024-02-16 19:23:00,2024-02-16 19:26:00,3,5.90,On Time,
1039229544,89340,2024-08-10 17:14:00,2024-08-10 17:29:00,15,7.41,Slightly Delayed,Customer location hard to find
1048784963,35552,2023-09-07 13:35:00,2023-09-07 13:41:00,6,1.25,Slightly Delayed,Weather conditions - heavy rain
1070259187,61963,2023-06-09 11:18:00,2023-06-09 11:15:00,-3,0.69,On Time,
1083928258,78940,2023-12-21 19:54:00,2023-12-21 19:57:00,3,6.29,On Time,
1092990139,53064,2024-10-01 01:33:00,2024-10-01 02:17:00,44,4.00,Delayed,Vehicle breakdown
1108215973,3643,2023-12-17 09:46:00,2023-12-17 09:45:00,-1,4.11,On Time,
1113582397,38869,2023-12-17 14:40:00,2023-12-17 14:38:00,-2,1.81,On Time,
1118405605,72673,2023-06-26 11:37:00,2023-06-26 11:35:00,-2,3.58,On Time,
1143763031,61900,2024-08-09 21:58:00,2024-08-09 21:57:00,-1,1.55,On Time,
1149676745,84700,2023-10-20 20:29:00,2023-10-20 20:30:00,1,2.46,On Time,
1180899898,24863,2023-04-17 03:12:00,2023-04-17 03:13:00,1,5.84,On Time,
1212718824,72361,2024-01-01 10:13:00,2024-01-01 10:34:00,21,1.72,Delayed,Rider assigned late
1221099013,60689,2023-07-23 11:01:00,2023-07-23 10:59:00,-2,2.36,On Time,
1222236371,94531,2024-08-15 00:13:00,2024-08-15 00:14:00,1,2.56,On Time,
1223255075,4873,2023-08-18 00:18:00,2023-08-18 00:23:00,5,7.10,Slightly Delayed,Weather conditions - heavy rain
1235280275,90779,2023-08-09 22:57:00,2023-08-09 22:54:00,-3,2.16,On Time,
1247978468,30662,2024-07-19 02:13:00,2024-07-19 02:11:00,-2,1.26,On Time,
1251118825,17178,2023-05-04 00:23:00,2023-05-04 01:02:00,39,4.46,Delayed,Restaurant preparation delay
1255323701,78929,2024-03-06 12:08:00,2024-03-06 12:06:00,-2,2.83,On Time,
1265254177,16267,2023-09-24 14:29:00,2023-09-24 14:39:00,10,0.61,Slightly Delayed,Rider got lost
1266440097,43520,2024-01-01 03:47:00,2024-01-01 04:00:00,13,3.16,Slightly Delayed,Vehicle breakdown
1276192882,15637,2024-01-08 07:45:00,2024-01-08 07:44:00,-1,1.15,On Time,
1312767771,97744,2024-09-17 06:17:00,2024-09-17 06:16:00,-1,4.78,On Time,
1315064289,62602,2024-07-27 03:16:00,2024-07-27 03:23:00,7,2.37,Slightly Delayed,Customer location hard to find
1354097448,10089,2023-06-21 17:53:00,2023-06-21 17:55:00,2,2.65,On Time,
1375867721,21511,2024-07-15 17:08:00,2024-07-15 17:05:00,-3,0.55,On Time,
1380510406,52711,2024-07-27 20:31:00,2024-07-27 20:33:00,2,2.41,On Time,
1380971977,52614,2024-06-02 13:21:00,2024-06-02 13:22:00,1,3.63,On Time,
1398230967,92744,2024-04-22 10:13:00,2024-04-22 10:15:00,2,2.22,On Time,
1402916311,57649,2024-04-23 13:05:00,2024-04-23 13:05:00,0,1.50,On Time,
1409944718,92890,2023-08-19 14:25:00,2023-08-19 14:30:00,5,3.23,Slightly Delayed,Rider got lost
1416102774,99752,2024-04-27 16:46:00,2024-04-27 16:44:00,-2,4.76,On Time,
1435353007,64672,2024-01-19 09:23:00,2024-01-19 09:19:00,-4,5.78,Early,
1437159967,69843,2024-06-07 01:59:00,2024-06-07 02:02:00,3,3.98,On Time,
1446221570,213,2024-09-26 10:13:00,2024-09-26 10:39:00,26,1.51,Delayed,Order re-preparation required
1454073903,31737,2023-09-16 09:09:00,2023-09-16 09:19:00,10,1.90,Slightly Delayed,Store packaging delay
1458051433,61040,2024-04-26 09:30:00,2024-04-26 10:11:00,41,2.88,Delayed,Customer location hard to find
1461604569,49871,2024-04-26 02:18:00,2024-04-26 02:15:00,-3,1.89,On Time,
1463293930,55394,2024-06-06 14:41:00,2024-06-06 14:39:00,-2,4.88,On Time,
1478022303,23035,2023-12-31 16:13:00,2023-12-31 16:12:00,-1,4.65,On Time,
1479730711,36251,2024-09-02 10:08:00,2024-09-02 10:10:00,2,3.03,On Time,
1486655525,69381,2024-04-21 13:27:00,2024-04-21 13:28:00,1,1.98,On Time,
1488430001,40079,2024-08-04 15:26:00,2024-08-04 15:45:00,19,4.89,Delayed,Rider assigned late
1488561572,31495,2024-08-27 08:32:00,2024-08-27 08:38:00,6,4.76,Slightly Delayed,Restaurant preparation delay
1491991005,85285,2024-03-04 09:01:00,2024-03-04 09:03:00,2,7.38,On Time,
1497256618,24651,2023-04-26 23:38:00,2023-04-26 23:41:00,3,2.75,On Time,
1506082041,80462,2023-05-04 08:00:00,2023-05-04 08:18:00,18,3.65,Delayed,Multiple delivery batching
1515943657,65345,2023-09-07 18:40:00,2023-09-07 18:36:00,-4,4.61,Early,
1523729855,84566,2024-09-03 05:03:00,2024-09-03 05:04:00,1,2.45,On Time,
1529363954,55211,2024-03-27 00:35:00,2024-03-27 00:33:00,-2,2.13,On Time,
1533583386,40902,2023-08-28 20:27:00,2023-08-28 20:25:00,-2,1.19,On Time,
1536516619,44378,2023-11-25 08:10:00,2023-11-25 08:08:00,-2,4.38,On Time,
1549769649,14983,2024-05-28 13:25:00,2024-05-28 13:26:00,1,3.36,On Time,
1556153632,45137,2024-05-04 08:54:00,2024-05-04 08:56:00,2,6.52,On Time,
1577085460,52709,2023-09-22 10:11:00,2023-09-22 10:10:00,-1,1.54,On Time,
1590988730,33843,2023-12-21 22:41:00,2023-12-21 22:44:00,3,8.18,On Time,
1609331948,58721,2024-01-04 14:19:00,2024-01-04 14:18:00,-1,3.66,On Time,
1624690598,41423,2024-03-23 04:10:00,2024-03-23 04:49:00,39,2.91,Delayed,Heavy traffic congestion
1645212433,77571,2024-08-07 04:41:00,2024-08-07 04:55:00,14,6.22,Slightly Delayed,Weather conditions - heavy rain
1646665366,59753,2024-07-26 19:01:00,2024-07-26 19:01:00,0,3.51,On Time,
1648146562,49114,2023-05-14 23:26:00,2023-05-14 23:29:00,3,3.69,On Time,
1666202264,32884,2023-05-07 10:39:00,2023-05-07 10:44:00,5,3.72,Slightly Delayed,Weather conditions - heavy rain
1680591951,96631,2024-03-11 21:19:00,2024-03-11 21:22:00,3,5.73,On Time,
1685382357,76806,2023-05-04 18:54:00,2023-05-04 19:00:00,6,5.43,Slightly Delayed,High demand surge
1687314172,86120,2024-03-13 19:00:00,2024-03-13 18:57:00,-3,1.15,Early,
1690800946,16850,2023-03-29 14:57:00,2023-03-29 14:54:00,-3,3.76,On Time,
1691260635,74826,2024-06-17 10:35:00,2024-06-17 10:38:00,3,0.71,On Time,
1708282193,34773,2024-01-25 10:19:00,2024-01-25 10:16:00,-3,5.79,On Time,
1714593246,11180,2024-10-20 10:02:00,2024-10-20 10:08:00,6,0.79,Slightly Delayed,Weather conditions - heavy rain
1719134546,3235,2024-07-10 13:29:00,2024-07-10 13:31:00,2,0.75,On Time,
1728547597,80933,2024-06-09 08:04:00,2024-06-09 08:17:00,13,5.20,Slightly Delayed,Rider got lost
1731312620,75316,2023-05-08 20:42:00,2023-05-08 21:27:00,45,1.28,Delayed,Weather conditions - heavy rain
1752712049,67307,2024-08-31 16:13:00,2024-08-31 16:14:00,1,4.00,On Time,
1757159071,38383,2024-03-13 10:13:00,2024-03-13 10:13:00,0,3.45,On Time,
1769493463,22954,2024-06-26 07:29:00,2024-06-26 07:33:00,4,6.30,Slightly Delayed,High demand surge
1772445313,87117,2023-07-21 00:41:00,2023-07-21 00:34:00,-7,4.79,Early,
1774096863,51118,2023-06-13 05:47:00,2023-06-13 05:47:00,0,3.99,On Time,
1785558780,85573,2024-06-28 17:10:00,2024-06-28 17:09:00,-1,1.06,On Time,
1786931285,76004,2023-06-29 04:59:00,2023-06-29 04:54:00,-5,3.15,Early,
1787380558,95835,2023-11-08 17:43:00,2023-11-08 17:45:00,2,0.81,On Time,
1806563605,16607,2023-12-24 00:41:00,2023-12-24 00:40:00,-1,7.95,On Time,
1811382200,97252,2023-08-25 19:20:00,2023-08-25 20:05:00,45,3.71,Delayed,Rider assigned late
1816814476,42751,2024-11-04 14:02:00,2024-11-04 13:59:00,-3,1.99,On Time,
1827844756,78517,2023-04-07 11:43:00,2023-04-07 11:42:00,-1,1.84,On Time,
1831516625,25932,2024-03-29 20:21:00,2024-03-29 20:24:00,3,1.94,On Time,
1831943568,31014,2024-05-23 17:34:00,2024-05-23 17:34:00,0,2.56,On Time,
1851474741,12879,2023-11-01 13:42:00,2023-11-01 13:40:00,-2,0.71,On Time,
1857227304,24481,2024-03-19 08:01:00,2024-03-19 08:02:00,1,8.34,On Time,
1868581378,38861,2024-03-29 18:43:00,2024-03-29 18:43:00,0,3.42,On Time,
1876614122,4985,2023-08-23 23:38:00,2023-08-23 23:37:00,-1,7.89,On Time,
1908423841,62488,2023-10-28 05:07:00,2023-10-28 05:05:00,-2,4.52,On Time,
1914701538,84345,2023-07-09 14:19:00,2023-07-09 14:28:00,9,1.31,Slightly Delayed,Multiple delivery batching
1918841793,10305,2024-06-17 21:18:00,2024-06-17 21:17:00,-1,4.44,On Time,
1923226423,76715,2024-07-28 07:54:00,2024-07-28 07:52:00,-2,6.68,On Time,
1934158144,30587,2024-04-02 17:23:00,2024-04-02 17:23:00,0,2.25,On Time,
1945536198,34218,2023-05-03 15:08:00,2023-05-03 15:11:00,3,7.20,On Time,
1948332638,84415,2024-06-08 17:27:00,2024-06-08 17:34:00,7,3.46,Slightly Delayed,Customer location hard to find
1955989715,8135,2023-12-27 07:06:00,2023-12-27 07:02:00,-4,1.98,Early,
1961864118,63230,2024-07-17 08:52:00,2024-07-17 08:49:00,-3,0.93,On Time,
1963703928,70919,2024-07-06 00:30:00,2024-07-06 00:30:00,0,3.26,On Time,
1971008155,30330,2023-10-23 22:43:00,2023-10-23 23:11:00,28,4.71,Delayed,Multiple delivery batching
1977533409,4601,2023-12-18 12:21:00,2023-12-18 12:21:00,0,4.81,On Time,
1979319490,28727,2024-01-14 01:37:00,2024-01-14 01:31:00,-6,2.17,Early,
1989751369,1261,2023-05-18 23:10:00,2023-05-18 23:12:00,2,7.60,On Time,
1991135167,17609,2023-12-19 20:30:00,2023-12-19 20:32:00,2,3.13,On Time,
1997833025,77103,2023-07-28 23:39:00,2023-07-28 23:49:00,10,0.74,Slightly Delayed,Rider assigned late
2002067527,71608,2023-11-06 23:18:00,2023-11-06 23:20:00,2,2.42,On Time,
2009394836,71878,2023-10-24 22:25:00,2023-10-24 22:22:00,-3,0.76,On Time,
2010415757,80134,2024-06-20 09:00:00,2024-06-20 09:02:00,2,4.83,On Time,
2013140214,10693,2024-05-14 16:30:00,2024-05-14 17:08:00,38,6.51,Delayed,Order re-preparation required
2016183232,38755,2023-07-19 04:35:00,2023-07-19 05:08:00,33,4.12,Delayed,Restaurant preparation delay
2032956677,17988,2024-05-02 21:43:00,2024-05-02 21:58:00,15,3.12,Slightly Delayed,Road closure or diversion
2033683703,62688,2024-01-24 17:49:00,2024-01-24 18:28:00,39,1.60,Delayed,Multiple delivery batching
2039041670,31963,2024-11-01 10:05:00,2024-11-01 10:19:00,14,2.42,Slightly Delayed,Order re-preparation required
2040854480,11814,2023-12-10 00:22:00,2023-12-10 00:19:00,-3,6.84,On Time,
2050362692,16076,2024-10-30 11:36:00,2024-10-30 11:44:00,8,2.63,Slightly Delayed,Multiple delivery batching
2051769691,58157,2023-09-06 16:38:00,2023-09-06 17:15:00,37,5.87,Delayed,Rider got lost
2055388266,80608,2023-06-23 06:41:00,2023-06-23 07:26:00,45,2.62,Delayed,Rider got lost
2056131802,36835,2023-09-02 05:12:00,2023-09-02 05:18:00,6,5.14,Slightly Delayed,High demand surge
2060061337,50748,2023-04-15 23:10:00,2023-04-15 23:07:00,-3,0.51,On Time,
2064484752,43022,2024-05-07 23:00:00,2024-05-07 22:59:00,-1,1.89,On Time,
2065203676,34566,2024-01-15 09:47:00,2024-01-15 09:50:00,3,5.73,On Time,
2066843639,37046,2024-05-25 00:32:00,2024-05-25 00:35:00,3,5.43,On Time,
2070762702,64950,2023-10-04 10:37:00,2023-10-04 10:43:00,6,5.17,Slightly Delayed,Customer location hard to find
2087093460,27478,2024-07-11 11:42:00,2024-07-11 11:42:00,0,1.01,On Time,
2097372277,42338,2024-01-25 05:00:00,2024-01-25 05:00:00,0,4.86,On Time,
2109203997,72612,2024-05-04 18:35:00,2024-05-04 18:35:00,0,3.95,On Time,
2116712588,34078,2023-11-11 20:48:00,2023-11-11 20:45:00,-3,5.97,Early,
2122832513,39396,2024-02-17 19:58:00,2024-02-17 19:57:00,-1,3.94,On Time,
2135743860,22083,2024-03-22 08:34:00,2024-03-22 08:32:00,-2,8.19,On Time,
2137046916,12377,2024-02-03 09:03:00,2024-02-03 09:16:00,13,3.63,Slightly Delayed,Store packaging delay
2149289255,25251,2024-11-01 15:20:00,2024-11-01 15:19:00,-1,4.80,On Time,
2161235338,96206,2024-04-12 15:12:00,2024-04-12 15:13:00,1,1.58,On Time,
2175298644,37111,2024-05-11 05:30:00,2024-05-11 05:28:00,-2,2.87,On Time,
2177207547,63474,2024-02-09 05:01:00,2024-02-09 04:58:00,-3,7.03,Early,
2177917034,75636,2024-02-08 20:16:00,2024-02-08 20:18:00,2,0.53,On Time,
2218319201,957,2024-11-01 03:12:00,2024-11-01 03:11:00,-1,7.67,On Time,
2225520858,13646,2023-11-22 13:18:00,2023-11-22 13:28:00,10,1.36,Slightly Delayed,Restaurant preparation delay
2230824358,47833,2023-05-24 15:39:00,2023-05-24 15:36:00,-3,3.94,On Time,
2268306684,65733,2024-05-28 15:11:00,2024-05-28 15:08:00,-3,4.31,Early,
2272892659,68804,2023-07-26 10:59:00,2023-07-26 11:08:00,9,0.76,Slightly Delayed,Multiple delivery batching
2279018877,88797,2024-06-10 14:43:00,2024-06-10 14:56:00,13,5.78,Slightly Delayed,Weather conditions - heavy rain
2283439407,58922,2023-07-14 02:28:00,2023-07-14 02:30:00,2,2.34,On Time,
2286477025,85060,2023-06-02 22:16:00,2023-06-02 22:16:00,0,0.56,On Time,
2288561509,92861,2023-12-04 19:39:00,2023-12-04 19:36:00,-3,1.22,Early,
2295700159,61371,2024-03-11 12:48:00,2024-03-11 12:49:00,1,7.93,On Time,
2300753276,88145,2023-12-07 04:30:00,2023-12-07 04:25:00,-5,1.71,Early,
2304242664,76144,2024-03-21 08:47:00,2024-03-21 08:47:00,0,1.51,On Time,
2311501690,81872,2024-03-26 05:08:00,2024-03-26 05:18:00,10,2.72,Slightly Delayed,Rider assigned late
2318969828,37500,2023-03-26 20:22:00,2023-03-26 20:21:00,-1,5.44,On Time,
2319044818,66486,2024-04-06 20:45:00,2024-04-06 20:46:00,1,3.95,On Time,
2348495717,80421,2023-06-27 01:11:00,2023-06-27 01:10:00,-1,7.03,On Time,
2351986014,34744,2023-04-21 13:04:00,2023-04-21 13:36:00,32,5.41,Delayed,Weather conditions - heavy rain
2356272189,68709,2024-04-09 02:20:00,2024-04-09 02:13:00,-7,4.18,Early,
2356483296,38401,2023-07-25 17:24:00,2023-07-25 17:34:00,10,0.79,Slightly Delayed,High demand surge
2370917070,13883,2023-07-25 06:11:00,2023-07-25 06:08:00,-3,4.98,On Time,
2376108199,27586,2024-05-13 16:23:00,2024-05-13 16:21:00,-2,3.14,On Time,
2385966456,8862,2023-08-22 08:04:00,2023-08-22 07:57:00,-7,2.32,Early,
2404804990,38923,2023-12-24 12:50:00,2023-12-24 12:53:00,3,1.26,On Time,
2405929115,83049,2024-09-09 09:19:00,2024-09-09 09:24:00,5,7.66,Slightly Delayed,Multiple delivery batching
2416767295,28144,2024-07-05 03:50:00,2024-07-05 03:47:00,-3,1.44,On Time,
2425099132,44245,2023-08-15 01:30:00,2023-08-15 01:42:00,12,2.22,Slightly Delayed,Rider assigned late
2433646621,67633,2024-11-03 11:19:00,2024-11-03 11:32:00,13,4.57,Slightly Delayed,Weather conditions - heavy rain
2444087306,75692,2023-07-28 08:35:00,2023-07-28 08:34:00,-1,1.90,On Time,
2455161115,23471,2024-01-29 09:17:00,2024-01-29 09:17:00,0,7.71,On Time,
2460545397,50527,2024-10-27 11:38:00,2024-10-27 11:41:00,3,4.27,On Time,
2461936988,77590,2023-07-20 23:29:00,2023-07-20 23:25:00,-4,5.62,Early,
2468550508,24846,2024-08-21 14:03:00,2024-08-21 14:23:00,20,4.14,Delayed,Rider got lost
2479115586,6845,2024-03-14 18:51:00,2024-03-14 18:52:00,1,2.11,On Time,
2483565595,25691,2023-03-24 06:30:00,2023-03-24 07:09:00,39,2.56,Delayed,Heavy traffic congestion
2483843748,62504,2023-05-24 09:35:00,2023-05-24 09:36:00,1,7.94,On Time,
2484470052,54869,2024-01-09 19:48:00,2024-01-09 19:43:00,-5,2.82,Early,
2485242479,76138,2023-04-11 06:35:00,2023-04-11 07:20:00,45,3.07,Delayed,Vehicle breakdown
2489292878,88759,2023-10-01 09:02:00,2023-10-01 09:01:00,-1,3.24,On Time,
2497341976,42711,2023-09-21 09:19:00,2023-09-21 09:19:00,0,0.93,On Time,
2501516144,56299,2024-10-01 09:25:00,2024-10-01 09:17:00,-8,7.39,Early,
2506369831,62473,2023-06-16 13:22:00,2023-06-16 13:32:00,10,1.84,Slightly Delayed,High demand surge
2538269668,36761,2023-06-23 08:27:00,2023-06-23 08:34:00,7,2.21,Slightly Delayed,Restaurant preparation delay
2550246555,36017,2023-04-06 14:39:00,2023-04-06 14:42:00,3,5.63,On Time,
2558680592,91792,2023-05-31 22:36:00,2023-05-31 22:46:00,10,4.04,Slightly Delayed,Order re-preparation required
2560588609,48964,2024-06-21 01:35:00,2024-06-21 01:36:00,1,4.63,On Time,
2567996236,61790,2023-10-31 08:21:00,2023-10-31 08:20:00,-1,1.89,On Time,
2570640420,99899,2023-04-28 10:44:00,2023-04-28 10:46:00,2,5.13,On Time,
2571163022,59402,2024-02-06 22:20:00,2024-02-06 22:17:00,-3,1.71,On Time,
2574349065,406,2024-04-17 14:43:00,2024-04-17 14:44:00,1,5.14,On Time,
2575965518,33262,2024-10-25 23:41:00,2024-10-25 23:40:00,-1,2.84,On Time,
2578671497,64618,2024-01-25 00:16:00,2024-01-25 00:25:00,9,5.40,Slightly Delayed,High demand surge
2580381935,19165,2024-05-05 10:03:00,2024-05-05 10:02:00,-1,2.59,On Time,
2585438297,93144,2023-08-20 13:11:00,2023-08-20 13:14:00,3,4.41,On Time,
2589639350,90443,2023-08-01 11:06:00,2023-08-01 11:05:00,-1,4.57,On Time,
2592923105,23178,2023-04-23 00:14:00,2023-04-23 00:17:00,3,2.33,On Time,
2609502403,70771,2024-10-31 18:35:00,2024-10-31 18:38:00,3,3.47,On Time,
2613508245,74072,2023-12-28 17:01:00,2023-12-28 17:00:00,-1,3.52,On Time,
2616623847,43649,2024-01-19 19:22:00,2024-01-19 19:20:00,-2,0.60,On Time,
2620531979,23093,2024-02-24 12:53:00,2024-02-24 13:00:00,7,5.73,Slightly Delayed,Customer location hard to find
2625987757,51273,2023-08-01 07:54:00,2023-08-01 07:55:00,1,2.21,On Time,
2643382562,74374,2023-07-24 22:48:00,2023-07-24 23:03:00,15,4.93,Slightly Delayed,Order re-preparation required
2655613624,94896,2024-06-26 13:33:00,2024-06-26 13:34:00,1,5.83,On Time,
2695448838,56011,2023-06-11 00:08:00,2023-06-11 00:48:00,40,0.59,Delayed,Store packaging delay
2718348206,66580,2023-11-08 10:37:00,2023-11-08 10:40:00,3,1.72,On Time,
2747350024,13307,2024-08-16 13:31:00,2024-08-16 13:32:00,1,2.60,On Time,
2748841057,11008,2023-12-30 05:19:00,2023-12-30 05:29:00,10,5.79,Slightly Delayed,Multiple delivery batching
2778606949,16105,2024-10-13 14:09:00,2024-10-13 14:16:00,7,3.06,Slightly Delayed,Customer location hard to find
2806868282,5821,2024-09-26 15:30:00,2024-09-26 15:20:00,-10,3.16,Early,
2819953077,76823,2023-11-22 08:49:00,2023-11-22 08:51:00,2,3.43,On Time,
2827266949,24708,2024-09-17 08:10:00,2024-09-17 08:48:00,38,1.40,Delayed,Multiple delivery batching
2845333894,52847,2024-04-28 13:32:00,2024-04-28 13:34:00,2,3.14,On Time,
2847236502,97878,2024-07-16 11:07:00,2024-07-16 11:04:00,-3,4.16,On Time,
2855402284,28578,2023-07-30 01:02:00,2023-07-30 00:59:00,-3,5.07,Early,
2859167116,34127,2024-10-15 17:55:00,2024-10-15 17:56:00,1,8.36,On Time,
2864819888,42803,2024-04-19 19:49:00,2024-04-19 19:52:00,3,2.03,On Time,
2889700050,45032,2024-04-30 16:33:00,2024-04-30 16:32:00,-1,6.43,On Time,
2892588628,59145,2024-04-19 18:52:00,2024-04-19 18:51:00,-1,5.36,On Time,
2893800377,54327,2024-03-22 11:57:00,2024-03-22 12:00:00,3,3.01,On Time,
2895886759,67136,2023-09-07 22:39:00,2023-09-07 22:42:00,3,7.54,On Time,
2899786983,14386,2023-10-24 12:20:00,2023-10-24 12:21:00,1,6.06,On Time,
2902411553,73699,2023-11-01 02:39:00,2023-11-01 02:36:00,-3,4.11,On Time,
2914056235,86053,2024-01-02 13:10:00,2024-01-02 13:15:00,5,0.50,Slightly Delayed,Rider got lost
2921310646,45581,2024-07-08 14:42:00,2024-07-08 14:43:00,1,3.08,On Time,
2948696008,89164,2024-04-10 10:22:00,2024-04-10 10:15:00,-7,0.55,Early,
2965387566,57502,2023-08-16 11:55:00,2023-08-16 11:54:00,-1,2.88,On Time,
2976477423,2591,2023-08-17 07:47:00,2023-08-17 07:49:00,2,2.71,On Time,
3042338919,70995,2023-05-17 15:05:00,2023-05-17 15:03:00,-2,1.51,On Time,
3043364543,64723,2023-07-25 10:58:00,2023-07-25 10:59:00,1,8.15,On Time,
3063427913,24100,2023-09-21 02:34:00,2023-09-21 02:33:00,-1,6.75,On Time,
3108512811,30893,2024-02-10 08:35:00,2024-02-10 08:35:00,0,1.72,On Time,
3108986741,60867,2023-10-17 19:43:00,2023-10-17 19:41:00,-2,5.33,On Time,
3122936945,65301,2023-05-06 23:26:00,2023-05-06 23:29:00,3,1.42,On Time,
3136056666,60976,2024-04-29 03:40:00,2024-04-29 03:36:00,-4,2.39,Early,
3136508414,94346,2024-07-22 15:33:00,2024-07-22 16:12:00,39,2.48,Delayed,Heavy traffic congestion
3157338466,92146,2023-08-24 16:16:00,2023-08-24 16:16:00,0,8.22,On Time,
3162249401,47552,2024-05-03 13:31:00,2024-05-03 13:34:00,3,1.90,On Time,
3174938939,50364,2023-03-27 06:25:00,2023-03-27 06:40:00,15,7.19,Slightly Delayed,Rider got lost
3189863462,54721,2024-06-17 13:44:00,2024-06-17 13:42:00,-2,7.26,On Time,
3190808443,42099,2024-01-10 09:00:00,2024-01-10 09:06:00,6,0.67,Slightly Delayed,High demand surge
3194733693,16623,2023-07-05 10:30:00,2023-07-05 10:27:00,-3,1.89,On Time,
3202903413,52139,2023-08-04 18:51:00,2023-08-04 18:50:00,-1,7.21,On Time,
3209538967,78212,2024-05-07 09:35:00,2024-05-07 09:38:00,3,1.39,On Time,
3217791988,30480,2023-08-10 14:06:00,2023-08-10 14:30:00,24,1.17,Delayed,Restaurant preparation delay
3255590064,88039,2023-04-21 04:51:00,2023-04-21 04:52:00,1,0.95,On Time,
3256941332,18290,2023-11-22 09:00:00,2023-11-22 09:02:00,2,7.09,On Time,
3260611473,28392,2024-02-06 13:54:00,2024-02-06 13:51:00,-3,6.51,On Time,
3263203775,38308,2024-09-28 15:37:00,2024-09-28 15:34:00,-3,2.63,Early,
3265154092,554,2023-03-18 16:49:00,2023-03-18 16:52:00,3,2.59,On Time,
3270131216,44043,2024-02-10 15:14:00,2024-02-10 15:17:00,3,1.95,On Time,
3271726381,5783,2024-03-15 00:52:00,2024-03-15 00:54:00,2,1.20,On Time,
3272079644,98992,2023-06-06 14:43:00,2023-06-06 14:42:00,-1,2.51,On Time,
3285378238,8991,2024-08-15 05:41:00,2024-08-15 05:41:00,0,2.57,On Time,
3286177534,90038,2023-06-25 00:09:00,2023-06-25 00:13:00,4,2.61,Slightly Delayed,High demand surge
3291765954,20788,2023-08-30 07:17:00,2023-08-30 07:15:00,-2,3.70,On Time,
3303891913,49372,2024-01-15 21:43:00,2024-01-15 21:44:00,1,1.65,On Time,
3314393477,37197,2024-10-26 13:49:00,2024-10-26 13:49:00,0,3.47,On Time,
3327051807,26018,2023-10-02 17:06:00,2023-10-02 17:08:00,2,5.57,On Time,
3355718103,84679,2023-09-10 22:54:00,2023-09-10 22:56:00,2,8.10,On Time,
3367039425,72408,2024-03-10 03:58:00,2024-03-10 03:57:00,-1,1.87,On Time,
3381573131,50582,2024-07-16 00:47:00,2024-07-16 00:44:00,-3,4.90,On Time,
3382911339,84662,2023-12-12 14:53:00,2023-12-12 14:49:00,-4,2.14,Early,
3402631472,82219,2024-05-03 21:43:00,2024-05-03 21:41:00,-2,3.57,On Time,
3412702479,35140,2023-12-24 07:46:00,2023-12-24 07:47:00,1,5.12,On Time,
3414036630,37389,2024-04-05 03:13:00,2024-04-05 03:10:00,-3,2.57,On Time,
3417088709,63738,2024-05-30 17:37:00,2024-05-30 17:38:00,1,5.98,On Time,
3429137520,82673,2024-03-16 19:42:00,2024-03-16 19:41:00,-1,0.59,On Time,
3429728472,77476,2023-03-31 08:48:00,2023-03-31 08:45:00,-3,2.62,On Time,
3434084714,58201,2024-02-02 03:06:00,2024-02-02 03:07:00,1,5.95,On Time,
3459500455,20504,2023-12-18 00:52:00,2023-12-18 00:52:00,0,5.37,On Time,
3473012553,99684,2024-02-16 21:48:00,2024-02-16 21:49:00,1,5.10,On Time,
3499004322,21541,2023-05-04 18:23:00,2023-05-04 18:26:00,3,1.93,On Time,
3508668494,92900,2024-01-25 01:14:00,2024-01-25 01:15:00,1,0.72,On Time,
3514036230,93410,2023-07-11 03:17:00,2023-07-11 03:19:00,2,4.60,On Time,
3520718052,91411,2023-07-07 23:52:00,2023-07-07 23:55:00,3,5.78,On Time,
3528007192,53884,2023-07-11 10:10:00,2023-07-11 10:01:00,-9,0.53,Early,
3528020011,32566,2023-11-12 12:01:00,2023-11-12 11:58:00,-3,1.05,On Time,
3539286337,94899,2023-04-25 20:44:00,2023-04-25 21:28:00,44,1.96,Delayed,High demand surge
3547006553,31328,2024-05-29 22:21:00,2024-05-29 22:18:00,-3,0.63,On Time,
3559061334,57403,2023-06-09 13:38:00,2023-06-09 13:39:00,1,3.33,On Time,
3560625119,64562,2023-05-13 20:04:00,2023-05-13 20:01:00,-3,1.61,On Time,
3583522679,68563,2023-09-06 12:08:00,2023-09-06 12:11:00,3,1.95,On Time,
3588296877,73215,2024-08-13 08:19:00,2024-08-13 08:39:00,20,2.36,Delayed,Restaurant preparation delay
3596900942,46019,2023-11-03 09:55:00,2023-11-03 09:57:00,2,3.86,On Time,
3597752998,71654,2024-04-03 13:44:00,2024-04-03 13:44:00,0,7.81,On Time,
3602554049,77387,2023-07-28 15:16:00,2023-07-28 15:17:00,1,4.22,On Time,
3604982656,87446,2024-09-19 17:23:00,2024-09-19 17:26:00,3,3.49,On Time,
3606274277,83884,2023-08-08 10:57:00,2023-08-08 10:56:00,-1,5.79,On Time,
3660010934,17404,2024-01-31 15:44:00,2024-01-31 15:46:00,2,1.72,On Time,
3678525130,82096,2023-03-20 18:33:00,2023-03-20 18:32:00,-1,6.31,On Time,
3680678403,7068,2023-03-31 00:33:00,2023-03-31 00:24:00,-9,4.61,Early,
3687581971,63325,2024-10-05 14:15:00,2024-10-05 14:13:00,-2,5.53,On Time,
3690872026,56377,2023-07-09 08:21:00,2023-07-09 08:22:00,1,1.20,On Time,
3691199770,72299,2024-05-13 05:37:00,2024-05-13 05:38:00,1,5.03,On Time,
3697242439,67408,2024-10-15 12:47:00,2024-10-15 12:50:00,3,0.51,On Time,
3717703595,8041,2023-04-24 21:52:00,2023-04-24 22:34:00,42,2.87,Delayed,Restaurant preparation delay
3742575364,22416,2023-05-08 17:43:00,2023-05-08 17:36:00,-7,3.32,Early,
3742662928,75517,2023-06-03 07:03:00,2023-06-03 06:57:00,-6,5.00,Early,
3749174258,32618,2024-02-13 07:59:00,2024-02-13 08:01:00,2,3.51,On Time,
3773745777,97135,2024-05-02 14:58:00,2024-05-02 14:57:00,-1,7.13,On Time,
3779230503,52785,2023-07-11 05:30:00,2023-07-11 05:28:00,-2,5.98,On Time,
3793977529,52853,2023-09-02 19:22:00,2023-09-02 19:22:00,0,2.66,On Time,
3804024939,17974,2024-01-27 21:31:00,2024-01-27 21:43:00,12,1.57,Slightly Delayed,Road closure or diversion
3806545110,52602,2024-08-17 12:06:00,2024-08-17 12:06:00,0,0.79,On Time,
3810280204,70290,2023-10-26 18:06:00,2023-10-26 18:10:00,4,3.81,Slightly Delayed,Weather conditions - heavy rain
3811318591,44363,2023-07-07 13:10:00,2023-07-07 13:11:00,1,4.04,On Time,
3812396179,54016,2023-07-22 08:46:00,2023-07-22 08:53:00,7,7.74,Slightly Delayed,High demand surge
3813047994,90983,2023-12-20 00:11:00,2023-12-20 00:10:00,-1,0.53,On Time,
3816542830,38895,2023-08-18 15:04:00,2023-08-18 15:05:00,1,6.23,On Time,
3830844750,95930,2023-08-06 16:07:00,2023-08-06 16:05:00,-2,6.53,On Time,
3850416839,32659,2024-07-01 02:23:00,2024-07-01 02:25:00,2,3.20,On Time,
3858907413,29907,2023-07-27 18:45:00,2023-07-27 18:44:00,-1,8.30,On Time,
3867563962,7531,2023-12-24 17:39:00,2023-12-24 17:36:00,-3,5.66,On Time,
3872982303,60234,2024-02-03 01:24:00,2024-02-03 01:23:00,-1,7.69,On Time,
3886370975,38359,2024-05-08 19:49:00,2024-05-08 19:47:00,-2,2.68,On Time,
3895011687,81696,2024-03-23 19:56:00,2024-03-23 19:51:00,-5,3.69,Early,
3917427529,26537,2024-10-12 12:18:00,2024-10-12 12:18:00,0,7.01,On Time,
3942174431,9886,2024-02-17 05:12:00,2024-02-17 05:14:00,2,7.50,On Time,
3946852375,92389,2024-07-04 12:45:00,2024-07-04 13:13:00,28,4.69,Delayed,Road closure or diversion
3947164241,82928,2024-11-04 20:43:00,2024-11-04 20:42:00,-1,1.70,On Time,
3952040848,16761,2024-05-09 00:41:00,2024-05-09 00:40:00,-1,3.00,On Time,
3967445448,61413,2023-11-02 15:08:00,2023-11-02 15:10:00,2,5.50,On Time,
3983082555,75005,2023-06-05 06:14:00,2023-06-05 06:24:00,10,0.62,Slightly Delayed,High demand surge
3995348964,62259,2024-06-03 16:34:00,2024-06-03 16:31:00,-3,2.98,On Time,
4042066387,33983,2024-01-03 04:15:00,2024-01-03 04:43:00,28,1.55,Delayed,High demand surge
4054936140,5888,2024-04-19 08:19:00,2024-04-19 08:16:00,-3,3.25,On Time,
4065794921,43280,2024-03-21 11:25:00,2024-03-21 11:20:00,-5,3.96,Early,
4068367936,95706,2024-09-21 02:09:00,2024-09-21 02:07:00,-2,8.06,On Time,
4071811527,27993,2023-07-26 15:51:00,2023-07-26 15:54:00,3,4.13,On Time,
4075074492,29293,2023-12-13 11:18:00,2023-12-13 11:17:00,-1,1.73,On Time,
4076279641,25713,2023-07-12 17:35:00,2023-07-12 17:59:00,24,4.87,Delayed,Rider assigned late
4084808075,65980,2024-10-11 17:56:00,2024-10-11 18:03:00,7,2.03,Slightly Delayed,Store packaging delay
4088553674,65634,2023-08-25 10:31:00,2023-08-25 10:41:00,10,1.82,Slightly Delayed,Store packaging delay
4135251774,81045,2024-10-09 12:06:00,2024-10-09 11:59:00,-7,6.28,Early,
4136019599,34667,2024-03-23 18:52:00,2024-03-23 18:53:00,1,4.46,On Time,
4142963293,74308,2024-11-03 04:04:00,2024-11-03 04:02:00,-2,8.48,On Time,
4148760273,55805,2024-05-22 01:55:00,2024-05-22 01:56:00,1,3.60,On Time,
4150569633,40413,2023-10-29 11:37:00,2023-10-29 11:27:00,-10,2.81,Early,
4152441944,46535,2023-04-25 10:33:00,2023-04-25 10:24:00,-9,5.99,Early,
4157869967,51334,2023-05-05 14:32:00,2023-05-05 14:30:00,-2,1.27,On Time,
4168083780,55172,2024-06-09 04:48:00,2024-06-09 04:47:00,-1,5.60,On Time,
4188317986,48031,2023-03-20 01:56:00,2023-03-20 01:56:00,0,2.58,On Time,
4197061567,48139,2024-02-04 03:31:00,2024-02-04 03:28:00,-3,3.13,On Time,
4217659083,94726,2024-01-18 19:48:00,2024-01-18 19:47:00,-1,1.34,On Time,
4224700084,78588,2024-08-28 23:36:00,2024-08-28 23:33:00,-3,2.66,On Time,
4228110436,24964,2023-07-23 19:32:00,2023-07-23 19:28:00,-4,3.42,Early,
4247338382,85815,2023-12-05 02:11:00,2023-12-05 02:12:00,1,1.86,On Time,
4254814926,1761,2024-04-21 06:34:00,2024-04-21 06:34:00,0,7.90,On Time,
4258404747,91951,2024-10-11 02:30:00,2024-10-11 02:26:00,-4,5.97,Early,
4262338791,37767,2024-10-17 07:57:00,2024-10-17 07:56:00,-1,4.42,On Time,
4265447949,34338,2024-08-16 02:36:00,2024-08-16 02:39:00,3,0.95,On Time,
4270217473,4904,2024-02-01 09:02:00,2024-02-01 08:58:00,-4,4.00,Early,
4274404843,59305,2024-09-30 02:01:00,2024-09-30 02:02:00,1,6.18,On Time,
4278423074,23667,2023-12-17 05:02:00,2023-12-17 05:35:00,33,1.89,Delayed,Heavy traffic congestion
4287631655,18788,2023-11-15 04:35:00,2023-11-15 04:32:00,-3,6.25,On Time,
4305348838,11295,2024-03-03 20:45:00,2024-03-03 20:47:00,2,1.40,On Time,
4319342350,11958,2024-08-27 20:34:00,2024-08-27 20:45:00,11,6.93,Slightly Delayed,Customer location hard to find
4328802292,66985,2023-06-14 19:57:00,2023-06-14 20:08:00,11,6.69,Slightly Delayed,Rider assigned late
4338197132,9198,2024-10-11 07:23:00,2024-10-11 07:28:00,5,2.05,Slightly Delayed,Restaurant preparation delay
4338327693,98866,2024-05-19 02:36:00,2024-05-19 02:35:00,-1,5.07,On Time,
4344108631,39923,2023-03-29 11:27:00,2023-03-29 11:26:00,-1,4.81,On Time,
4356959622,94308,2024-01-16 07:56:00,2024-01-16 07:53:00,-3,3.06,On Time,
4360255357,68222,2023-05-14 08:13:00,2023-05-14 08:13:00,0,2.08,On Time,
4361797433,59493,2023-08-05 07:36:00,2023-08-05 07:28:00,-8,1.22,Early,
4386246924,56384,2024-08-27 10:26:00,2024-08-27 10:25:00,-1,5.91,On Time,
4424404315,8506,2023-07-16 07:36:00,2023-07-16 07:36:00,0,8.17,On Time,
4434816229,17469,2023-09-14 07:10:00,2023-09-14 07:13:00,3,2.37,On Time,
4435459085,66771,2023-08-19 14:58:00,2023-08-19 15:00:00,2,3.61,On Time,
4448004569,49742,2024-01-10 02:13:00,2024-01-10 02:09:00,-4,4.99,Early,
4455336265,64046,2023-08-30 19:47:00,2023-08-30 19:46:00,-1,6.23,On Time,
4461788759,90986,2024-04-23 20:56:00,2024-04-23 20:53:00,-3,0.86,Early,
4467084478,68868,2024-03-03 12:58:00,2024-03-03 12:58:00,0,4.77,On Time,
4471162437,54708,2024-02-06 12:52:00,2024-02-06 12:53:00,1,1.84,On Time,
4485391413,91131,2023-12-21 09:15:00,2023-12-21 09:12:00,-3,2.80,On Time,
4501870609,42567,2024-07-10 08:28:00,2024-07-10 08:36:00,8,4.65,Slightly Delayed,Road closure or diversion
4566893863,40507,2023-10-28 09:45:00,2023-10-28 09:47:00,2,0.73,On Time,
4590662628,18200,2024-01-10 12:02:00,2024-01-10 12:03:00,1,5.78,On Time,
4598897781,7752,2023-07-12 20:54:00,2023-07-12 20:52:00,-2,2.33,On Time,
4605056279,33098,2024-05-04 16:43:00,2024-05-04 16:40:00,-3,5.75,On Time,
4613890018,82638,2023-10-24 13:00:00,2023-10-24 12:57:00,-3,6.34,On Time,
4620484274,25174,2024-09-10 16:05:00,2024-09-10 16:07:00,2,2.42,On Time,
4625892678,40337,2023-06-18 19:35:00,2023-06-18 19:33:00,-2,2.67,On Time,
4645792703,36301,2023-12-04 23:23:00,2023-12-04 23:23:00,0,6.67,On Time,
4656471694,62782,2023-12-09 08:27:00,2023-12-09 09:03:00,36,5.57,Delayed,Multiple delivery batching
4665363191,15760,2024-10-13 20:05:00,2024-10-13 20:12:00,7,2.82,Slightly Delayed,Weather conditions - heavy rain
4673382071,97477,2024-01-16 13:40:00,2024-01-16 13:38:00,-2,4.31,On Time,
4706569127,74560,2023-07-27 18:51:00,2023-07-27 18:50:00,-1,3.04,On Time,
4720421794,35894,2024-01-16 07:09:00,2024-01-16 07:03:00,-6,6.19,Early,
4740837071,70,2023-11-01 15:42:00,2023-11-01 15:37:00,-5,3.76,Early,
4797768073,88543,2023-07-06 03:49:00,2023-07-06 03:48:00,-1,2.66,On Time,
4818516411,14473,2023-10-09 12:27:00,2023-10-09 12:25:00,-2,1.51,On Time,
4845607487,84614,2023-03-17 19:02:00,2023-03-17 19:03:00,1,5.17,On Time,
4848863693,56307,2024-09-12 04:54:00,2024-09-12 04:53:00,-1,1.06,On Time,
4867298468,88574,2024-04-23 09:51:00,2024-04-23 09:49:00,-2,5.78,On Time,
4868150114,52501,2024-01-08 03:37:00,2024-01-08 03:42:00,5,1.60,Slightly Delayed,Weather conditions - heavy rain
4873887251,769,2023-09-20 00:58:00,2023-09-20 01:00:00,2,8.40,On Time,
4898355547,14630,2023-04-16 19:01:00,2023-04-16 18:52:00,-9,1.17,Early,
4903544026,7486,2024-05-11 04:45:00,2024-05-11 04:47:00,2,2.38,On Time,
4906957374,2235,2023-09-16 20:06:00,2023-09-16 20:09:00,3,4.75,On Time,
4926104391,13060,2023-10-24 08:02:00,2023-10-24 08:06:00,4,8.03,Slightly Delayed,Vehicle breakdown
4926287333,94821,2023-08-08 02:59:00,2023-08-08 03:06:00,7,4.66,Slightly Delayed,Multiple delivery batching
4949766982,86551,2024-09-11 00:33:00,2024-09-11 00:54:00,21,5.27,Delayed,High demand surge
4963962664,10652,2023-09-28 12:02:00,2023-09-28 12:02:00,0,8.15,On Time,
4976389251,89142,2023-09-05 10:13:00,2023-09-05 10:12:00,-1,5.25,On Time,
5003387344,21004,2024-06-23 11:05:00,2024-06-23 11:04:00,-1,3.16,On Time,
5012271549,31783,2024-09-21 10:19:00,2024-09-21 10:15:00,-4,3.14,Early,
5035471587,221,2024-01-05 02:16:00,2024-01-05 02:24:00,8,2.50,Slightly Delayed,Vehicle breakdown
5056125341,39430,2023-05-23 02:11:00,2023-05-23 02:09:00,-2,5.62,On Time,
5084771819,66403,2024-08-29 22:05:00,2024-08-29 22:08:00,3,4.21,On Time,
5085005195,92179,2024-03-05 20:13:00,2024-03-05 20:08:00,-5,1.73,Early,
5098703807,46866,2024-06-10 02:13:00,2024-06-10 02:12:00,-1,2.44,On Time,
5127172657,80034,2024-06-11 18:30:00,2024-06-11 18:32:00,2,1.89,On Time,
5142069216,60557,2024-02-25 15:21:00,2024-02-25 15:20:00,-1,1.01,On Time,
5161988291,53927,2024-07-01 01:10:00,2024-07-01 01:12:00,2,7.50,On Time,
5164162918,69542,2023-11-18 15:16:00,2023-11-18 15:17:00,1,3.78,On Time,
5184568404,17462,2024-03-27 13:05:00,2024-03-27 13:07:00,2,6.79,On Time,
5190422833,17583,2023-03-27 11:43:00,2023-03-27 12:10:00,27,1.73,Delayed,Vehicle breakdown
5195999941,12987,2024-07-19 19:07:00,2024-07-19 19:06:00,-1,7.78,On Time,
5205211911,38835,2024-09-27 18:52:00,2024-09-27 18:52:00,0,8.34,On Time,
5210007923,94672,2024-10-01 05:24:00,2024-10-01 05:24:00,0,4.14,On Time,
5212392063,31900,2024-06-17 03:00:00,2024-06-17 03:02:00,2,1.65,On Time,
5212524996,13215,2023-12-10 22:25:00,2023-12-10 22:22:00,-3,2.74,On Time,
5229657139,96161,2023-10-03 12:08:00,2023-10-03 12:11:00,3,4.71,On Time,
5233331050,84617,2023-05-01 16:53:00,2023-05-01 17:08:00,15,0.93,Slightly Delayed,Customer location hard to find
5243035202,1015,2024-10-20 00:49:00,2024-10-20 00:48:00,-1,7.17,On Time,
5243163885,12230,2023-05-19 13:45:00,2023-05-19 13:48:00,3,1.57,On Time,
5258344385,16549,2023-10-14 18:08:00,2023-10-14 18:08:00,0,4.00,On Time,
5262508570,196,2024-07-06 11:25:00,2024-07-06 11:26:00,1,4.87,On Time,
5265722064,46962,2023-07-16 02:49:00,2023-07-16 02:48:00,-1,3.90,On Time,
5273875984,60888,2023-05-31 03:45:00,2023-05-31 03:43:00,-2,5.52,On Time,
5277462976,95207,2024-10-19 15:56:00,2024-10-19 15:59:00,3,4.93,On Time,
5278014717,87933,2024-04-15 03:59:00,2024-04-15 04:13:00,14,7.05,Slightly Delayed,Rider got lost
5280263316,81900,2024-06-28 12:47:00,2024-06-28 12:48:00,1,5.69,On Time,
5289436093,77152,2024-04-18 13:35:00,2024-04-18 13:33:00,-2,5.48,On Time,
5302956276,6274,2024-01-22 22:52:00,2024-01-22 22:51:00,-1,0.84,On Time,
5305770811,76080,2024-10-31 07:27:00,2024-10-31 07:38:00,11,4.10,Slightly Delayed,High demand surge
5311190131,30345,2024-03-04 01:01:00,2024-03-04 01:26:00,25,4.49,Delayed,Heavy traffic congestion
5314758068,68342,2024-02-03 00:36:00,2024-02-03 00:34:00,-2,2.91,On Time,
5351526726,18337,2023-03-28 19:08:00,2023-03-28 19:06:00,-2,8.38,On Time,
5374978054,63238,2024-07-08 14:13:00,2024-07-08 14:06:00,-7,4.49,Early,
5375295409,21882,2024-10-05 06:17:00,2024-10-05 06:18:00,1,2.71,On Time,
5383261788,94840,2023-10-18 21:34:00,2023-10-18 21:39:00,5,2.41,Slightly Delayed,Rider assigned late
5388573375,45401,2024-03-07 13:01:00,2024-03-07 13:02:00,1,8.31,On Time,
5393607402,32010,2023-12-17 20:15:00,2023-12-17 20:16:00,1,2.07,On Time,
5395870775,66722,2024-08-01 19:33:00,2024-08-01 19:30:00,-3,4.29,On Time,
5412674107,15617,2024-10-06 22:00:00,2024-10-06 21:57:00,-3,6.55,On Time,
5418735913,92033,2024-07-11 11:56:00,2024-07-11 12:37:00,41,7.57,Delayed,Weather conditions - heavy rain
5427684290,84315,2023-11-20 05:17:00,2023-11-20 05:19:00,2,2.49,On Time,
5434328922,57029,2024-02-08 07:46:00,2024-02-08 07:43:00,-3,2.02,On Time,
5437627061,39894,2024-08-22 02:15:00,2024-08-22 02:20:00,5,6.02,Slightly Delayed,High demand surge
5445047872,66,2023-10-17 05:49:00,2023-10-17 05:50:00,1,0.90,On Time,
5456484560,32681,2024-09-26 02:10:00,2024-09-26 02:12:00,2,2.52,On Time,
5504941865,56077,2024-01-28 02:55:00,2024-01-28 02:58:00,3,3.40,On Time,
5506485302,21250,2023-05-19 06:53:00,2023-05-19 06:56:00,3,1.24,On Time,
5514326011,75658,2024-02-04 16:28:00,2024-02-04 16:43:00,15,4.77,Slightly Delayed,Order re-preparation required
5521273487,98929,2024-05-18 15:16:00,2024-05-18 15:58:00,42,4.74,Delayed,Heavy traffic congestion
5521682945,20204,2024-07-24 07:41:00,2024-07-24 07:41:00,0,0.81,On Time,
5527612319,48508,2024-09-12 00:12:00,2024-09-12 00:57:00,45,3.32,Delayed,Store packaging delay
5527742274,98520,2023-12-16 05:32:00,2023-12-16 06:03:00,31,6.85,Delayed,Customer location hard to find
5532838325,57010,2024-07-24 23:40:00,2024-07-24 23:40:00,0,1.45,On Time,
5536024334,20631,2023-04-30 16:44:00,2023-04-30 16:41:00,-3,3.63,On Time,
5551173528,16125,2024-11-03 06:17:00,2024-11-03 06:08:00,-9,5.22,Early,
5562922993,73904,2023-12-06 02:14:00,2023-12-06 02:12:00,-2,7.82,On Time,
5574765914,8665,2024-10-25 23:45:00,2024-10-25 23:42:00,-3,7.66,On Time,
5592928753,96131,2024-08-23 20:59:00,2024-08-23 21:00:00,1,0.97,On Time,
5601670348,47213,2024-10-29 00:34:00,2024-10-29 00:30:00,-4,2.47,Early,
5607355353,2135,2023-06-23 09:45:00,2023-06-23 09:45:00,0,2.03,On Time,
5626888972,53381,2024-04-13 17:26:00,2024-04-13 17:55:00,29,8.07,Delayed,Multiple delivery batching
5630957897,14408,2024-06-18 07:32:00,2024-06-18 07:35:00,3,4.28,On Time,
5635738740,49965,2023-09-28 14:45:00,2023-09-28 14:56:00,11,6.47,Slightly Delayed,Customer location hard to find
5640741373,20090,2024-05-10 06:57:00,2024-05-10 07:31:00,34,6.66,Delayed,Restaurant preparation delay
5645359563,45180,2024-08-08 23:45:00,2024-08-08 23:48:00,3,7.13,On Time,
5662786245,39082,2023-04-21 00:37:00,2023-04-21 00:35:00,-2,1.90,On Time,
5670040592,57209,2024-05-25 05:59:00,2024-05-25 06:11:00,12,7.71,Slightly Delayed,Rider assigned late
5705899665,75481,2024-05-27 19:31:00,2024-05-27 19:46:00,15,3.90,Slightly Delayed,Vehicle breakdown
5706043483,86219,2024-07-17 19:10:00,2024-07-17 19:25:00,15,2.61,Slightly Delayed,Weather conditions - heavy rain
5735156904,89407,2023-04-01 16:40:00,2023-04-01 16:37:00,-3,1.96,On Time,
5746303677,24730,2024-06-08 13:48:00,2024-06-08 13:39:00,-9,1.32,Early,
5755859055,8522,2024-10-30 14:37:00,2024-10-30 14:38:00,1,8.17,On Time,
5766981431,55608,2024-01-14 04:42:00,2024-01-14 04:44:00,2,2.28,On Time,
5770951298,4946,2023-10-02 18:23:00,2023-10-02 18:29:00,6,1.35,Slightly Delayed,Rider got lost
5790622967,37995,2024-02-27 00:35:00,2024-02-27 00:49:00,14,6.01,Slightly Delayed,Rider got lost
5812379362,68969,2023-08-05 11:05:00,2023-08-05 11:11:00,6,5.65,Slightly Delayed,Order re-preparation required
5815833211,78640,2024-02-08 19:27:00,2024-02-08 19:36:00,9,1.21,Slightly Delayed,Vehicle breakdown
5816647866,84702,2024-09-26 05:23:00,2024-09-26 05:24:00,1,2.68,On Time,
5828325906,34564,2023-12-04 11:59:00,2023-12-04 12:10:00,11,0.78,Slightly Delayed,Vehicle breakdown
5838302640,30907,2023-05-12 06:02:00,2023-05-12 05:59:00,-3,3.85,On Time,
5840290569,92356,2023-09-18 04:09:00,2023-09-18 04:17:00,8,1.51,Slightly Delayed,Vehicle breakdown
5842420654,60389,2024-05-06 12:16:00,2024-05-06 12:16:00,0,4.60,On Time,
5853998391,23606,2023-09-08 02:58:00,2023-09-08 03:00:00,2,0.68,On Time,
5868326481,94140,2024-03-15 21:24:00,2024-03-15 21:27:00,3,4.58,On Time,
5874940276,22218,2024-04-11 06:45:00,2024-04-11 07:22:00,37,5.54,Delayed,Multiple delivery batching
5881633926,40430,2023-04-21 19:00:00,2023-04-21 19:00:00,0,7.28,On Time,
5882568464,93909,2023-04-13 08:39:00,2023-04-13 08:40:00,1,2.83,On Time,
5891002534,79352,2023-09-29 16:16:00,2023-09-29 16:27:00,11,3.24,Slightly Delayed,Rider got lost
5894327065,29930,2024-03-15 13:47:00,2024-03-15 13:46:00,-1,3.53,On Time,
5907766010,85975,2024-10-07 14:22:00,2024-10-07 14:22:00,0,1.81,On Time,
5923573134,74712,2024-02-17 20:16:00,2024-02-17 20:14:00,-2,0.97,On Time,
5927472701,95432,2024-01-12 17:06:00,2024-01-12 17:08:00,2,4.50,On Time,
5933289680,1722,2023-12-07 04:49:00,2023-12-07 04:48:00,-1,5.08,On Time,
5937934264,41221,2024-09-11 19:35:00,2024-09-11 19:36:00,1,2.83,On Time,
5951090793,35150,2024-04-20 19:26:00,2024-04-20 19:41:00,15,2.44,Slightly Delayed,High demand surge
5952886441,23150,2024-03-12 11:39:00,2024-03-12 11:49:00,10,4.90,Slightly Delayed,Vehicle breakdown
5953376503,34929,2024-05-25 04:08:00,2024-05-25 04:11:00,3,1.73,On Time,
5979489110,8681,2023-09-07 08:03:00,2023-09-07 08:03:00,0,6.54,On Time,
5992338333,91077,2023-04-03 23:47:00,2023-04-03 23:40:00,-7,4.82,Early,
5998035939,25912,2024-02-22 01:33:00,2024-02-22 01:30:00,-3,5.85,On Time,
6006693867,91362,2023-07-14 00:02:00,2023-07-14 00:06:00,4,6.24,Slightly Delayed,Restaurant preparation delay
6009342120,11837,2024-03-02 09:13:00,2024-03-02 09:28:00,15,1.13,Slightly Delayed,Order re-preparation required
6011117738,8264,2024-01-07 11:01:00,2024-01-07 11:02:00,1,5.60,On Time,
6023721507,72197,2024-04-07 00:36:00,2024-04-07 00:35:00,-1,1.83,On Time,
6029394789,28593,2023-04-30 06:23:00,2023-04-30 06:26:00,3,6.89,On Time,
6033014029,31624,2024-10-21 14:09:00,2024-10-21 14:09:00,0,3.01,On Time,
6037541687,39815,2023-12-10 22:43:00,2023-12-10 22:41:00,-2,6.36,On Time,
6037899648,59131,2024-03-27 18:00:00,2024-03-27 18:02:00,2,1.18,On Time,
6045698170,16848,2024-01-24 17:14:00,2024-01-24 17:13:00,-1,0.73,On Time,
6054358790,52564,2024-01-26 10:31:00,2024-01-26 10:33:00,2,4.70,On Time,
6070154414,72709,2023-06-19 19:24:00,2023-06-19 19:21:00,-3,0.59,On Time,
6074172790,3481,2023-07-26 02:26:00,2023-07-26 02:28:00,2,5.63,On Time,
6074837981,2837,2024-04-20 13:08:00,2024-04-20 13:46:00,38,5.88,Delayed,Rider assigned late
6093390755,60889,2023-11-24 13:36:00,2023-11-24 13:40:00,4,4.57,Slightly Delayed,Store packaging delay
6101022928,8083,2024-10-02 18:26:00,2024-10-02 18:28:00,2,3.33,On Time,
6110446321,60577,2024-10-27 02:11:00,2024-10-27 02:11:00,0,5.40,On Time,
6126334783,33084,2024-07-03 08:44:00,2024-07-03 08:41:00,-3,1.68,On Time,
6139157985,23927,2024-02-03 13:51:00,2024-02-03 14:03:00,12,4.03,Slightly Delayed,High demand surge
6172529406,29606,2024-05-21 02:22:00,2024-05-21 02:21:00,-1,3.32,On Time,
6193826826,81908,2023-08-05 01:25:00,2023-08-05 01:23:00,-2,8.09,On Time,
6194827199,674,2023-12-20 19:11:00,2023-12-20 19:26:00,15,6.14,Slightly Delayed,Vehicle breakdown
6212984517,15665,2024-03-16 22:05:00,2024-03-16 22:05:00,0,3.18,On Time,
6229466619,63864,2023-06-05 07:30:00,2023-06-05 07:31:00,1,4.67,On Time,
6236279358,24906,2024-05-26 05:36:00,2024-05-26 05:36:00,0,2.04,On Time,
6239453389,63625,2023-10-08 01:30:00,2023-10-08 01:28:00,-2,2.78,On Time,
6240982373,16774,2023-04-26 03:27:00,2023-04-26 03:51:00,24,0.50,Delayed,Store packaging delay
6254948159,72597,2023-10-16 07:34:00,2023-10-16 07:36:00,2,1.44,On Time,
6257851675,91732,2024-04-23 22:26:00,2024-04-23 22:17:00,-9,4.49,Early,
6260524887,22883,2024-06-01 07:00:00,2024-06-01 07:07:00,7,6.74,Slightly Delayed,Rider assigned late
6269179048,23727,2023-11-11 16:04:00,2023-11-11 16:07:00,3,2.37,On Time,
6281619403,12086,2023-04-09 19:15:00,2023-04-09 19:05:00,-10,6.34,Early,
6282385286,9399,2023-10-28 07:01:00,2023-10-28 07:03:00,2,4.75,On Time,
6284076508,39939,2024-07-19 22:50:00,2024-07-19 23:02:00,12,1.57,Slightly Delayed,High demand surge
6284350691,9053,2024-06-20 01:13:00,2024-06-20 01:14:00,1,8.40,On Time,
6286044248,56074,2023-05-05 22:37:00,2023-05-05 22:35:00,-2,2.00,On Time,
6295686357,81081,2024-01-10 08:05:00,2024-01-10 08:19:00,14,2.63,Slightly Delayed,Rider assigned late
6309784337,23009,2024-05-06 17:53:00,2024-05-06 17:54:00,1,4.67,On Time,
6311012195,20432,2023-07-27 15:11:00,2023-07-27 15:08:00,-3,3.31,On Time,
6322372546,8035,2024-02-19 10:16:00,2024-02-19 10:15:00,-1,4.86,On Time,
6331483812,45259,2024-09-06 22:57:00,2024-09-06 23:07:00,10,6.64,Slightly Delayed,Weather conditions - heavy rain
6335972517,51928,2023-07-08 20:14:00,2023-07-08 20:14:00,0,3.79,On Time,
6355378227,23910,2023-08-11 17:06:00,2023-08-11 17:27:00,21,3.02,Delayed,Vehicle breakdown
6366048116,82257,2024-08-05 09:08:00,2024-08-05 09:08:00,0,5.81,On Time,
6374883107,32067,2023-08-19 08:20:00,2023-08-19 08:29:00,9,2.99,Slightly Delayed,Road closure or diversion
6388618916,62559,2024-01-26 22:11:00,2024-01-26 22:13:00,2,3.34,On Time,
6396194687,43588,2024-01-20 20:57:00,2024-01-20 21:10:00,13,2.09,Slightly Delayed,Rider assigned late
6447596416,45656,2023-10-08 18:30:00,2023-10-08 18:47:00,17,0.93,Delayed,Road closure or diversion
6475582506,52304,2023-09-23 05:01:00,2023-09-23 05:13:00,12,2.83,Slightly Delayed,Rider assigned late
6494708839,36208,2023-06-18 16:18:00,2023-06-18 16:17:00,-1,5.95,On Time,
6528341992,50910,2024-01-29 03:43:00,2024-01-29 03:56:00,13,3.20,Slightly Delayed,Road closure or diversion
6556180328,83805,2024-06-03 20:57:00,2024-06-03 20:54:00,-3,3.25,On Time,
6568151549,67714,2024-03-31 06:37:00,2024-03-31 06:37:00,0,3.35,On Time,
6572695161,11353,2024-03-18 08:32:00,2024-03-18 08:32:00,0,4.94,On Time,
6573705785,13849,2023-11-23 12:49:00,2023-11-23 12:46:00,-3,2.69,On Time,
6585436114,97963,2024-03-13 22:01:00,2024-03-13 21:56:00,-5,6.58,Early,
6590867973,23582,2023-11-20 08:55:00,2023-11-20 08:58:00,3,0.75,On Time,
6595771960,72175,2023-04-05 03:36:00,2023-04-05 04:11:00,35,8.03,Delayed,High demand surge
6602340187,94455,2024-03-11 12:23:00,2024-03-11 12:23:00,0,3.53,On Time,
6610120274,83714,2024-07-19 01:30:00,2024-07-19 01:30:00,0,3.49,On Time,
6625178717,74906,2023-07-01 04:40:00,2023-07-01 04:43:00,3,4.85,On Time,
6638513435,33099,2024-08-04 13:21:00,2024-08-04 13:12:00,-9,3.22,Early,
6649631729,9599,2024-09-30 09:39:00,2024-09-30 09:40:00,1,5.75,On Time,
6659747528,93772,2024-09-28 18:45:00,2024-09-28 18:43:00,-2,5.49,On Time,
6696352636,98726,2023-06-18 15:23:00,2023-06-18 15:27:00,4,3.52,Slightly Delayed,Rider got lost
6696750742,89976,2023-04-02 17:54:00,2023-04-02 18:05:00,11,2.49,Slightly Delayed,Road closure or diversion
6703316563,91135,2024-01-25 18:07:00,2024-01-25 18:34:00,27,4.35,Delayed,Customer location hard to find
6703651257,4285,2024-01-17 01:43:00,2024-01-17 01:55:00,12,1.72,Slightly Delayed,Store packaging delay
6704773223,34344,2024-07-22 09:59:00,2024-07-22 10:16:00,17,7.14,Delayed,Rider assigned late
6705171000,64847,2023-09-04 20:42:00,2023-09-04 20:33:00,-9,5.97,Early,
6706793332,76503,2024-10-09 22:04:00,2024-10-09 22:19:00,15,1.85,Slightly Delayed,Road closure or diversion
6722955128,18697,2023-03-19 22:05:00,2023-03-19 21:55:00,-10,2.35,Early,
6729422433,99898,2023-07-19 13:55:00,2023-07-19 13:58:00,3,2.60,On Time,
6736891890,72028,2024-10-21 09:46:00,2024-10-21 09:44:00,-2,1.94,On Time,
6752221435,71642,2024-02-10 16:10:00,2024-02-10 16:08:00,-2,5.98,On Time,
6754346312,88168,2023-06-19 12:49:00,2023-06-19 12:51:00,2,1.96,On Time,
6755367585,56444,2024-09-03 19:00:00,2024-09-03 19:02:00,2,3.35,On Time,
6756007265,48609,2023-07-27 18:37:00,2023-07-27 18:39:00,2,7.26,On Time,
6767935470,44553,2024-04-17 01:42:00,2024-04-17 02:02:00,20,3.07,Delayed,Order re-preparation required
6771166303,98179,2023-07-24 04:36:00,2023-07-24 04:39:00,3,8.06,On Time,
6795601573,52656,2023-12-13 02:49:00,2023-12-13 02:47:00,-2,3.44,On Time,
6832610950,37323,2023-09-01 09:33:00,2023-09-01 09:47:00,14,2.80,Slightly Delayed,Rider got lost
6835850079,92568,2023-08-13 23:06:00,2023-08-13 23:09:00,3,3.77,On Time,
6839692624,44627,2023-11-19 02:10:00,2023-11-19 02:03:00,-7,2.47,Early,
6850221497,43013,2024-07-21 22:52:00,2024-07-21 22:49:00,-3,3.94,On Time,
6872621077,42244,2023-09-14 18:29:00,2023-09-14 18:31:00,2,6.26,On Time,
6876091286,77863,2024-10-05 00:38:00,2024-10-05 00:43:00,5,3.18,Slightly Delayed,Weather conditions - heavy rain
6896732047,29664,2024-04-18 18:08:00,2024-04-18 17:59:00,-9,4.94,Early,
6900876252,80644,2024-02-21 17:10:00,2024-02-21 17:09:00,-1,1.01,On Time,
6900896329,97185,2024-02-01 02:39:00,2024-02-01 02:52:00,13,4.80,Slightly Delayed,Store packaging delay
6905293278,53868,2024-06-16 10:36:00,2024-06-16 11:03:00,27,5.79,Delayed,Weather conditions - heavy rain
6919395718,23311,2024-02-16 21:46:00,2024-02-16 21:44:00,-2,7.33,On Time,
6920030794,38745,2024-06-24 02:51:00,2024-06-24 03:15:00,24,5.84,Delayed,Restaurant preparation delay
6931094066,66225,2023-11-15 22:18:00,2023-11-15 22:09:00,-9,3.91,Early,
6932356214,27028,2023-04-04 05:52:00,2023-04-04 05:53:00,1,1.41,On Time,
6937485392,42361,2023-05-23 22:57:00,2023-05-23 23:04:00,7,6.91,Slightly Delayed,High demand surge
6938082428,60137,2024-03-08 20:53:00,2024-03-08 20:50:00,-3,1.40,On Time,
6943430459,75360,2024-10-05 17:32:00,2024-10-05 17:29:00,-3,6.72,Early,
6964586050,40358,2024-08-04 18:49:00,2024-08-04 18:50:00,1,4.57,On Time,
6965716176,48850,2023-04-13 02:32:00,2023-04-13 02:34:00,2,2.21,On Time,
6976835753,67913,2024-02-22 14:06:00,2024-02-22 14:09:00,3,5.83,On Time,
6983253839,83688,2024-04-03 20:46:00,2024-04-03 20:45:00,-1,2.88,On Time,
6986791144,75461,2023-09-08 14:34:00,2023-09-08 14:48:00,14,1.46,Slightly Delayed,Vehicle breakdown
7008586055,67465,2023-05-24 05:23:00,2023-05-24 05:26:00,3,0.54,On Time,
7026479520,82300,2024-07-17 22:17:00,2024-07-17 22:14:00,-3,4.06,On Time,
7032037874,59618,2024-06-13 19:17:00,2024-06-13 19:14:00,-3,4.90,On Time,
7038758506,88037,2023-05-08 06:34:00,2023-05-08 06:38:00,4,4.58,Slightly Delayed,Store packaging delay
7060954153,21872,2023-11-01 21:12:00,2023-11-01 21:19:00,7,5.52,Slightly Delayed,Customer location hard to find
7072715691,82046,2023-12-25 19:28:00,2023-12-25 19:31:00,3,2.37,On Time,
7075868285,69398,2024-03-01 06:16:00,2024-03-01 06:26:00,10,6.99,Slightly Delayed,Rider got lost
7079057004,16501,2023-09-30 09:10:00,2023-09-30 09:08:00,-2,1.21,On Time,
7107216633,30190,2024-06-27 05:20:00,2024-06-27 05:20:00,0,5.12,On Time,
7111337755,84833,2023-05-06 06:07:00,2023-05-06 06:08:00,1,6.91,On Time,
7111490680,9546,2024-01-24 19:29:00,2024-01-24 19:29:00,0,4.26,On Time,
7130555385,48673,2024-01-16 14:55:00,2024-01-16 15:06:00,11,7.76,Slightly Delayed,Store packaging delay
7133174424,63462,2023-06-22 03:42:00,2023-06-22 03:45:00,3,3.45,On Time,
7141387557,73154,2023-08-18 21:32:00,2023-08-18 21:34:00,2,2.32,On Time,
7143278295,89680,2024-02-13 15:39:00,2024-02-13 15:41:00,2,0.50,On Time,
7154957395,63099,2023-04-09 10:21:00,2023-04-09 10:29:00,8,2.23,Slightly Delayed,Road closure or diversion
7164827734,62683,2023-03-16 08:27:00,2023-03-16 08:34:00,7,0.66,Slightly Delayed,Rider got lost
7165265639,71534,2023-08-20 19:14:00,2023-08-20 19:15:00,1,2.55,On Time,
7168596454,1608,2023-03-22 02:56:00,2023-03-22 02:54:00,-2,5.60,On Time,
7169557514,79516,2023-03-21 05:38:00,2023-03-21 05:47:00,9,6.11,Slightly Delayed,Road closure or diversion
7169974633,69861,2024-10-16 16:22:00,2024-10-16 16:19:00,-3,5.76,On Time,
7175472728,95658,2023-09-12 12:01:00,2023-09-12 12:42:00,41,0.91,Delayed,Customer location hard to find
7176758896,75492,2023-07-13 13:00:00,2023-07-13 13:30:00,30,1.14,Delayed,Rider assigned late
7178188501,70846,2024-04-18 13:46:00,2024-04-18 14:08:00,22,7.18,Delayed,Heavy traffic congestion
7178789018,53062,2023-09-12 09:09:00,2023-09-12 08:59:00,-10,6.96,Early,
7180810221,59848,2023-09-10 16:58:00,2023-09-10 17:06:00,8,5.71,Slightly Delayed,Rider got lost
7185243614,27663,2024-01-10 19:20:00,2024-01-10 19:28:00,8,7.28,Slightly Delayed,Heavy traffic congestion
7193792738,91241,2024-06-05 15:49:00,2024-06-05 16:17:00,28,2.41,Delayed,Order re-preparation required
7206041763,1128,2023-05-30 19:35:00,2023-05-30 19:32:00,-3,5.30,On Time,
7216524192,79713,2024-09-01 16:33:00,2024-09-01 16:34:00,1,1.70,On Time,
7217049550,56744,2024-07-11 09:45:00,2024-07-11 09:46:00,1,3.93,On Time,
7228452275,96211,2023-05-13 01:25:00,2023-05-13 01:28:00,3,7.87,On Time,
7245730533,51934,2024-05-26 08:09:00,2024-05-26 08:06:00,-3,6.26,On Time,
7256212429,87815,2024-03-16 22:15:00,2024-03-16 22:15:00,0,7.11,On Time,
7256340388,87987,2023-10-08 07:35:00,2023-10-08 07:35:00,0,7.06,On Time,
7279564594,45499,2024-01-19 10:03:00,2024-01-19 10:11:00,8,5.73,Slightly Delayed,Vehicle breakdown
7282397914,26008,2024-07-14 01:35:00,2024-07-14 01:34:00,-1,3.92,On Time,
7284991749,4135,2023-12-10 09:47:00,2023-12-10 09:47:00,0,2.37,On Time,
7305871805,57764,2024-09-11 14:39:00,2024-09-11 14:36:00,-3,6.20,On Time,
7307394687,28767,2024-05-01 11:04:00,2024-05-01 11:15:00,11,2.80,Slightly Delayed,Rider got lost
7311621328,62428,2024-04-07 02:48:00,2024-04-07 02:48:00,0,0.53,On Time,
7320527109,76831,2024-01-18 12:58:00,2024-01-18 12:54:00,-4,1.41,Early,
7322044533,92064,2023-10-13 23:54:00,2023-10-13 23:56:00,2,7.06,On Time,
7330237253,18688,2023-12-07 12:38:00,2023-12-07 12:40:00,2,3.85,On Time,
7338050095,68204,2024-10-15 03:19:00,2024-10-15 03:49:00,30,0.56,Delayed,Road closure or diversion
7346858138,83804,2023-11-22 16:58:00,2023-11-22 16:56:00,-2,1.73,On Time,
7353519273,49934,2023-09-22 13:15:00,2023-09-22 13:12:00,-3,3.48,On Time,
7357811417,7496,2024-09-29 09:54:00,2024-09-29 09:54:00,0,4.58,On Time,
7402125753,26429,2023-11-01 18:26:00,2023-11-01 18:29:00,3,5.85,On Time,
7402491996,15459,2024-07-14 07:02:00,2024-07-14 07:00:00,-2,5.52,On Time,
7415490509,48639,2023-07-08 14:15:00,2023-07-08 14:23:00,8,5.51,Slightly Delayed,Weather conditions - heavy rain
7416160835,11914,2023-04-30 11:20:00,2023-04-30 11:20:00,0,8.46,On Time,
7421707488,29051,2023-11-03 23:02:00,2023-11-03 23:00:00,-2,4.86,On Time,
7431412128,77224,2023-05-29 04:19:00,2023-05-29 04:23:00,4,5.53,Slightly Delayed,Customer location hard to find
7435895360,89661,2024-09-04 00:53:00,2024-09-04 01:00:00,7,3.29,Slightly Delayed,High demand surge
7454643275,72097,2024-07-14 09:00:00,2024-07-14 09:35:00,35,3.22,Delayed,Order re-preparation required
7506762237,17180,2023-06-10 01:56:00,2023-06-10 01:54:00,-2,4.76,On Time,
7509195875,96839,2023-11-26 20:11:00,2023-11-26 20:14:00,3,3.90,On Time,
7517620171,48840,2023-04-16 18:26:00,2023-04-16 18:24:00,-2,5.48,On Time,
7523880783,23850,2024-10-13 14:06:00,2024-10-13 14:04:00,-2,5.24,On Time,
7527936057,67699,2023-12-10 14:18:00,2023-12-10 14:17:00,-1,3.11,On Time,
7530379037,79485,2024-08-02 19:58:00,2024-08-02 19:57:00,-1,4.99,On Time,
7562902958,74174,2023-06-08 22:44:00,2023-06-08 22:44:00,0,4.07,On Time,
7568450733,63512,2023-04-09 08:33:00,2023-04-09 08:30:00,-3,1.86,On Time,
7579506101,80056,2023-04-06 01:28:00,2023-04-06 01:28:00,0,6.50,On Time,
7589464630,17706,2024-07-12 13:30:00,2024-07-12 13:29:00,-1,0.56,On Time,
7590462053,235,2024-06-26 16:49:00,2024-06-26 16:49:00,0,3.37,On Time,
7596333614,24475,2023-03-30 05:36:00,2023-03-30 05:37:00,1,4.01,On Time,
7615602420,91821,2024-05-30 09:32:00,2024-05-30 09:35:00,3,7.37,On Time,
7637625389,47591,2023-10-15 20:38:00,2023-10-15 20:37:00,-1,4.84,On Time,
7651037338,62537,2023-11-21 18:52:00,2023-11-21 18:43:00,-9,8.40,Early,
7656948165,8275,2023-06-07 10:41:00,2023-06-07 10:38:00,-3,7.61,On Time,
7666131311,35447,2023-05-01 15:57:00,2023-05-01 16:36:00,39,7.67,Delayed,Customer location hard to find
7669322773,58926,2023-08-29 13:20:00,2023-08-29 13:21:00,1,5.71,On Time,
7678251499,60822,2023-04-23 13:37:00,2023-04-23 13:39:00,2,3.06,On Time,
7680297690,79007,2024-02-12 07:11:00,2024-02-12 07:13:00,2,4.44,On Time,
7683813608,86476,2023-06-06 21:44:00,2023-06-06 21:41:00,-3,7.44,On Time,
7702588270,93742,2024-04-26 20:57:00,2024-04-26 21:25:00,28,6.52,Delayed,Store packaging delay
7706089549,35200,2023-10-08 04:24:00,2023-10-08 04:26:00,2,8.30,On Time,
7719808698,28450,2023-08-18 11:48:00,2023-08-18 11:47:00,-1,1.28,On Time,
7750989397,42583,2024-01-07 01:20:00,2024-01-07 01:23:00,3,6.62,On Time,
7765110772,66182,2024-06-01 22:10:00,2024-06-01 22:35:00,25,4.93,Delayed,Multiple delivery batching
7847708619,9898,2023-10-23 01:17:00,2023-10-23 01:17:00,0,8.45,On Time,
7850128898,29466,2024-06-28 07:48:00,2024-06-28 07:43:00,-5,5.91,Early,
7867573412,62986,2023-09-14 02:09:00,2023-09-14 02:08:00,-1,1.71,On Time,
7875587578,40025,2024-07-15 08:59:00,2024-07-15 08:56:00,-3,7.23,On Time,
7876289647,28786,2024-08-07 08:06:00,2024-08-07 07:58:00,-8,7.98,Early,
7913167260,69504,2023-04-19 01:10:00,2023-04-19 01:07:00,-3,2.71,On Time,
7930373606,54606,2023-08-09 22:26:00,2023-08-09 22:39:00,13,1.21,Slightly Delayed,Weather conditions - heavy rain
7942616242,76694,2023-09-30 08:27:00,2023-09-30 08:29:00,2,1.05,On Time,
7944885043,16741,2024-05-26 08:31:00,2024-05-26 08:35:00,4,0.96,Slightly Delayed,Vehicle breakdown
7960553477,75158,2024-02-24 05:40:00,2024-02-24 05:54:00,14,0.54,Slightly Delayed,Road closure or diversion
7961173808,3302,2023-06-05 00:42:00,2023-06-05 00:43:00,1,4.77,On Time,
7968718292,56005,2023-10-30 20:16:00,2023-10-30 20:16:00,0,3.29,On Time,
7971819985,65541,2024-04-15 02:58:00,2024-04-15 02:57:00,-1,1.94,On Time,
7988504487,86506,2024-05-14 11:42:00,2024-05-14 11:58:00,16,2.44,Delayed,Heavy traffic congestion
7992910755,85359,2023-07-12 09:26:00,2023-07-12 09:28:00,2,4.78,On Time,
8008377895,43415,2023-06-26 13:29:00,2023-06-26 13:34:00,5,4.72,Slightly Delayed,Multiple delivery batching
8023626961,50594,2023-09-26 01:50:00,2023-09-26 01:53:00,3,5.46,On Time,
8031946454,89696,2023-08-29 21:07:00,2023-08-29 21:08:00,1,3.50,On Time,
8044366071,31310,2023-04-30 14:14:00,2023-04-30 14:36:00,22,4.99,Delayed,High demand surge
8065774615,66569,2023-12-12 11:10:00,2023-12-12 11:09:00,-1,4.25,On Time,
8080970647,70168,2023-11-25 17:55:00,2023-11-25 17:57:00,2,6.07,On Time,
8086834412,90596,2024-03-08 19:36:00,2024-03-08 19:36:00,0,4.74,On Time,
8091385479,66240,2024-04-09 15:31:00,2024-04-09 15:59:00,28,2.58,Delayed,Multiple delivery batching
8101930640,50876,2023-06-12 06:00:00,2023-06-12 05:57:00,-3,2.88,On Time,
8110316958,29001,2024-01-30 19:48:00,2024-01-30 19:52:00,4,1.04,Slightly Delayed,Rider assigned late
8120002258,61526,2024-01-01 00:15:00,2024-01-01 00:26:00,11,2.01,Slightly Delayed,Multiple delivery batching
8126970833,83636,2024-09-14 20:41:00,2024-09-14 20:48:00,7,3.22,Slightly Delayed,Customer location hard to find
8132887999,7931,2024-02-25 16:24:00,2024-02-25 16:23:00,-1,1.10,On Time,
8158413630,56303,2024-08-30 16:59:00,2024-08-30 17:07:00,8,7.96,Slightly Delayed,High demand surge
8168056170,85462,2023-08-28 05:02:00,2023-08-28 05:01:00,-1,5.19,On Time,
8168261752,18998,2024-04-22 06:30:00,2024-04-22 06:33:00,3,6.57,On Time,
8169361928,2274,2024-01-10 15:31:00,2024-01-10 15:30:00,-1,0.59,On Time,
8177907004,92178,2024-01-08 21:31:00,2024-01-08 21:24:00,-7,5.74,Early,
8178275820,78985,2024-04-05 10:00:00,2024-04-05 10:14:00,14,4.58,Slightly Delayed,Heavy traffic congestion
8178951021,80840,2024-03-24 19:08:00,2024-03-24 19:06:00,-2,2.14,On Time,
8187201830,55955,2024-04-30 04:43:00,2024-04-30 04:56:00,13,5.51,Slightly Delayed,Restaurant preparation delay
8195544338,102,2023-04-26 04:20:00,2023-04-26 04:48:00,28,2.75,Delayed,Multiple delivery batching
8200985533,92929,2024-01-08 07:39:00,2024-01-08 07:46:00,7,5.67,Slightly Delayed,Vehicle breakdown
8214365128,68269,2024-07-10 18:18:00,2024-07-10 18:11:00,-7,1.82,Early,
8226034341,39659,2023-11-25 02:55:00,2023-11-25 02:52:00,-3,1.30,On Time,
8234021674,28230,2024-01-29 11:13:00,2024-01-29 11:16:00,3,1.12,On Time,
8247327365,11031,2024-09-25 11:28:00,2024-09-25 11:40:00,12,3.46,Slightly Delayed,Customer location hard to find
8250036360,65016,2024-06-21 14:20:00,2024-06-21 14:48:00,28,3.98,Delayed,Vehicle breakdown
8252905093,40596,2024-04-21 23:29:00,2024-04-21 23:33:00,4,7.77,Slightly Delayed,Order re-preparation required
8257032403,71946,2024-09-18 21:34:00,2024-09-18 21:35:00,1,1.78,On Time,
8257370396,11969,2023-12-24 08:26:00,2023-12-24 08:25:00,-1,4.32,On Time,
8259274680,17260,2023-04-11 06:45:00,2023-04-11 07:09:00,24,7.48,Delayed,Heavy traffic congestion
8260569466,74085,2023-12-15 04:16:00,2023-12-15 04:25:00,9,6.88,Slightly Delayed,Store packaging delay
8312320295,27452,2024-06-29 22:36:00,2024-06-29 22:33:00,-3,3.98,Early,
8326867788,56875,2023-09-20 01:25:00,2023-09-20 01:24:00,-1,2.08,On Time,
8347207794,88105,2024-08-17 22:18:00,2024-08-17 22:15:00,-3,2.47,On Time,
8368819094,11640,2024-08-15 03:08:00,2024-08-15 03:04:00,-4,5.36,Early,
8375863419,89921,2024-08-26 12:29:00,2024-08-26 12:27:00,-2,6.06,On Time,
8395583761,84816,2024-08-04 23:53:00,2024-08-05 00:05:00,12,4.20,Slightly Delayed,Rider assigned late
8397785448,99345,2024-09-04 03:11:00,2024-09-04 03:11:00,0,3.43,On Time,
8412338399,67313,2024-10-28 19:05:00,2024-10-28 19:26:00,21,1.22,Delayed,Restaurant preparation delay
8423025639,63484,2024-06-06 13:25:00,2024-06-06 13:26:00,1,4.55,On Time,
8432209832,18907,2024-03-20 03:42:00,2024-03-20 03:39:00,-3,7.38,On Time,
8443685057,52458,2023-07-02 01:57:00,2023-07-02 01:55:00,-2,3.57,On Time,
8444509148,85993,2024-02-21 22:45:00,2024-02-21 22:53:00,8,0.77,Slightly Delayed,Rider assigned late
8453462258,98449,2024-02-10 11:57:00,2024-02-10 12:00:00,3,4.26,On Time,
8463856241,18824,2023-04-10 21:20:00,2023-04-10 21:20:00,0,4.81,On Time,
8465721207,56612,2024-06-21 09:15:00,2024-06-21 09:58:00,43,4.45,Delayed,Rider got lost
8478376092,68285,2023-04-17 02:17:00,2023-04-17 02:10:00,-7,3.78,Early,
8485398781,70167,2024-04-20 19:17:00,2024-04-20 19:15:00,-2,1.64,On Time,
8498916204,89588,2024-03-22 19:44:00,2024-03-22 20:11:00,27,8.27,Delayed,Weather conditions - heavy rain
8524056436,33639,2023-09-06 13:57:00,2023-09-06 14:18:00,21,8.43,Delayed,High demand surge
8532411923,82328,2024-07-16 19:12:00,2024-07-16 19:19:00,7,3.06,Slightly Delayed,Vehicle breakdown
8533749006,95607,2024-10-30 16:51:00,2024-10-30 16:48:00,-3,7.68,On Time,
8539612501,14166,2024-09-20 13:41:00,2024-09-20 13:42:00,1,2.56,On Time,
8559748526,93002,2023-04-05 18:27:00,2023-04-05 18:26:00,-1,3.03,On Time,
8589851630,4917,2024-05-28 14:22:00,2024-05-28 14:20:00,-2,6.26,On Time,
8595141097,19332,2024-03-31 10:36:00,2024-03-31 10:26:00,-10,3.63,Early,
8606484804,49631,2024-06-18 15:37:00,2024-06-18 15:36:00,-1,0.76,On Time,
8607115856,85718,2023-10-09 04:52:00,2023-10-09 04:52:00,0,6.52,On Time,
8609945311,66475,2024-05-03 10:10:00,2024-05-03 10:11:00,1,1.30,On Time,
8615488922,1328,2023-11-04 00:21:00,2023-11-04 00:21:00,0,3.16,On Time,
8619571588,12944,2024-01-17 05:42:00,2024-01-17 05:42:00,0,6.64,On Time,
8619795820,68794,2024-09-04 09:30:00,2024-09-04 09:28:00,-2,2.71,On Time,
8623808984,79827,2024-04-13 05:49:00,2024-04-13 05:51:00,2,3.75,On Time,
8638163868,29019,2023-06-07 03:41:00,2023-06-07 03:44:00,3,3.53,On Time,
8655600303,71557,2024-04-27 17:51:00,2024-04-27 18:00:00,9,1.52,Slightly Delayed,Order re-preparation required
8664447334,49008,2024-03-08 04:49:00,2024-03-08 05:03:00,14,2.46,Slightly Delayed,Order re-preparation required
8675579025,13158,2024-07-06 12:15:00,2024-07-06 12:15:00,0,6.84,On Time,
8686093533,5503,2024-02-06 06:08:00,2024-02-06 06:09:00,1,2.72,On Time,
8694014791,73862,2023-08-06 05:54:00,2023-08-06 05:53:00,-1,0.65,On Time,
8700151605,74364,2023-08-04 09:32:00,2023-08-04 10:03:00,31,2.88,Delayed,Road closure or diversion
8707473624,54941,2023-12-20 08:46:00,2023-12-20 08:46:00,0,1.71,On Time,
8741892156,10769,2023-11-15 05:02:00,2023-11-15 05:06:00,4,1.03,Slightly Delayed,Restaurant preparation delay
8742091504,69967,2023-07-03 23:41:00,2023-07-03 23:43:00,2,8.22,On Time,
8758992688,722,2024-06-22 17:12:00,2024-06-22 17:09:00,-3,6.05,On Time,
8763754537,16963,2024-10-07 05:47:00,2024-10-07 06:01:00,14,2.06,Slightly Delayed,Multiple delivery batching
8774158800,69717,2023-12-12 08:42:00,2023-12-12 08:46:00,4,1.92,Slightly Delayed,Rider assigned late
8781520615,42606,2024-04-14 08:26:00,2024-04-14 08:24:00,-2,6.74,On Time,
8787105023,54795,2024-05-07 23:09:00,2024-05-07 23:23:00,14,2.67,Slightly Delayed,Road closure or diversion
8790217194,60118,2024-03-25 01:39:00,2024-03-25 01:50:00,11,0.94,Slightly Delayed,Multiple delivery batching
8812616740,66152,2023-06-26 21:25:00,2023-06-26 21:24:00,-1,4.36,On Time,
8830321199,6336,2024-08-10 06:17:00,2024-08-10 06:18:00,1,1.43,On Time,
8852367079,5117,2024-04-07 05:25:00,2024-04-07 05:28:00,3,2.42,On Time,
8861024199,53729,2023-11-29 06:03:00,2023-11-29 05:53:00,-10,1.73,Early,
8870165072,53009,2023-11-03 10:20:00,2023-11-03 10:23:00,3,3.64,On Time,
8875965392,6325,2024-01-22 19:19:00,2024-01-22 19:13:00,-6,0.67,Early,
8884235937,81977,2024-08-09 12:01:00,2024-08-09 11:59:00,-2,1.48,On Time,
8905341102,5762,2024-02-08 04:28:00,2024-02-08 04:37:00,9,3.36,Slightly Delayed,Road closure or diversion
8943989258,43725,2023-12-10 11:17:00,2023-12-10 11:18:00,1,0.58,On Time,
8952275304,95373,2024-08-31 08:22:00,2024-08-31 08:19:00,-3,2.11,On Time,
8963522960,58520,2023-11-02 03:00:00,2023-11-02 03:12:00,12,4.62,Slightly Delayed,Vehicle breakdown
8968945932,53832,2024-09-07 07:16:00,2024-09-07 07:22:00,6,7.51,Slightly Delayed,Store packaging delay
8969304162,67811,2023-10-12 15:03:00,2023-10-12 14:59:00,-4,7.43,Early,
8977771682,45258,2023-04-29 18:30:00,2023-04-29 18:42:00,12,4.36,Slightly Delayed,Vehicle breakdown
8980502814,67937,2024-10-15 19:47:00,2024-10-15 19:47:00,0,1.81,On Time,
9020705185,92943,2023-12-29 19:30:00,2023-12-29 19:51:00,21,4.80,Delayed,Weather conditions - heavy rain
9026783092,51457,2023-10-09 16:44:00,2023-10-09 16:39:00,-5,3.27,Early,
9031695663,43200,2024-01-17 01:35:00,2024-01-17 01:35:00,0,4.68,On Time,
9047652469,27774,2024-08-05 03:28:00,2024-08-05 03:29:00,1,3.56,On Time,
9069936094,80189,2024-06-23 13:08:00,2024-06-23 13:07:00,-1,0.73,On Time,
9073572548,28575,2023-05-02 23:25:00,2023-05-02 23:36:00,11,3.26,Slightly Delayed,Weather conditions - heavy rain
9074325310,83788,2024-04-23 16:27:00,2024-04-23 16:32:00,5,3.24,Slightly Delayed,Weather conditions - heavy rain
9087377568,37895,2024-02-21 02:34:00,2024-02-21 02:32:00,-2,2.40,On Time,
9090769419,45133,2024-09-02 03:29:00,2024-09-02 03:30:00,1,1.24,On Time,
9091960039,51540,2024-02-11 10:04:00,2024-02-11 10:18:00,14,0.72,Slightly Delayed,Road closure or diversion
9104077642,20446,2024-10-24 13:36:00,2024-10-24 13:37:00,1,4.26,On Time,
9107314128,21125,2024-05-20 16:37:00,2024-05-20 16:39:00,2,2.62,On Time,
9127632807,72143,2023-05-30 13:25:00,2023-05-30 13:40:00,15,2.39,Slightly Delayed,Restaurant preparation delay
9127879048,82835,2024-08-27 07:27:00,2024-08-27 07:22:00,-5,6.64,Early,
9143640828,902,2023-07-18 13:25:00,2023-07-18 13:36:00,11,2.74,Slightly Delayed,Rider got lost
9153347285,3684,2023-06-22 03:11:00,2023-06-22 03:21:00,10,1.94,Slightly Delayed,Heavy traffic congestion
9171089443,27400,2024-09-10 20:21:00,2024-09-10 20:19:00,-2,3.10,On Time,
9171116867,73907,2023-10-22 11:25:00,2023-10-22 11:25:00,0,1.17,On Time,
9171564499,39820,2023-12-04 00:12:00,2023-12-04 00:09:00,-3,7.19,On Time,
9183547951,76728,2024-01-20 20:10:00,2024-01-20 20:32:00,22,7.74,Delayed,Weather conditions - heavy rain
9185164487,39859,2024-09-23 13:25:00,2024-09-23 13:22:00,-3,3.56,Early,
9187046038,84082,2023-06-13 14:54:00,2023-06-13 15:05:00,11,7.82,Slightly Delayed,Rider assigned late
9196796718,37270,2023-07-06 22:00:00,2023-07-06 22:03:00,3,0.79,On Time,
9202528884,33556,2024-05-27 14:06:00,2024-05-27 14:32:00,26,3.28,Delayed,Weather conditions - heavy rain
9202941711,2000,2024-03-24 14:58:00,2024-03-24 14:58:00,0,8.25,On Time,
9216536492,83077,2024-10-04 03:52:00,2024-10-04 03:54:00,2,6.74,On Time,
9217211301,89404,2023-06-15 10:35:00,2023-06-15 10:34:00,-1,4.33,On Time,
9233577456,29353,2023-12-30 04:14:00,2023-12-30 04:23:00,9,1.80,Slightly Delayed,Order re-preparation required
9243090480,95377,2023-03-21 20:03:00,2023-03-21 20:01:00,-2,3.00,On Time,
9251939156,57095,2023-12-30 12:51:00,2023-12-30 13:26:00,35,4.34,Delayed,Vehicle breakdown
9266835891,69070,2024-06-13 02:31:00,2024-06-13 02:38:00,7,5.02,Slightly Delayed,Restaurant preparation delay
9268920928,26193,2023-07-05 12:44:00,2023-07-05 12:47:00,3,0.60,On Time,
9270396838,46248,2023-07-06 08:58:00,2023-07-06 09:05:00,7,2.75,Slightly Delayed,Vehicle breakdown
9272166174,31701,2023-07-27 06:36:00,2023-07-27 06:35:00,-1,5.79,On Time,
9277089038,75267,2023-04-15 20:21:00,2023-04-15 20:27:00,6,1.98,Slightly Delayed,Customer location hard to find
9277710098,71248,2023-04-02 16:48:00,2023-04-02 16:52:00,4,1.94,Slightly Delayed,Multiple delivery batching
9290203003,44829,2024-04-01 12:31:00,2024-04-01 12:38:00,7,6.47,Slightly Delayed,Store packaging delay
9305357757,84853,2023-05-12 22:25:00,2023-05-12 23:05:00,40,1.26,Delayed,High demand surge
9325920156,98397,2024-10-12 10:46:00,2024-10-12 10:55:00,9,1.70,Slightly Delayed,High demand surge
9328056960,99744,2024-08-14 06:36:00,2024-08-14 06:42:00,6,6.42,Slightly Delayed,Weather conditions - heavy rain
9330447952,8867,2024-03-30 18:40:00,2024-03-30 19:23:00,43,5.92,Delayed,Road closure or diversion
9337878102,15234,2023-05-16 04:09:00,2023-05-16 04:10:00,1,2.81,On Time,
9345418784,24395,2024-02-22 10:23:00,2024-02-22 10:20:00,-3,3.63,On Time,
9347571484,88612,2024-11-02 17:26:00,2024-11-02 17:23:00,-3,5.00,On Time,
9371869941,6805,2023-10-12 00:13:00,2023-10-12 00:05:00,-8,2.73,Early,
9395982132,33721,2023-07-05 12:31:00,2023-07-05 12:32:00,1,5.51,On Time,
9397774189,38813,2023-06-28 08:29:00,2023-06-28 08:33:00,4,0.63,Slightly Delayed,Road closure or diversion
9398719862,4852,2024-07-19 09:40:00,2024-07-19 10:03:00,23,4.92,Delayed,Road closure or diversion
9399859705,31133,2023-10-29 01:29:00,2023-10-29 01:33:00,4,4.52,Slightly Delayed,Weather conditions - heavy rain
9409714182,4084,2023-05-25 05:29:00,2023-05-25 05:30:00,1,7.69,On Time,
9411813703,32773,2023-09-25 23:11:00,2023-09-25 23:09:00,-2,2.46,On Time,
9416522701,14560,2024-01-22 03:22:00,2024-01-22 03:14:00,-8,0.79,Early,
9421270813,26657,2024-04-22 06:18:00,2024-04-22 06:20:00,2,1.05,On Time,
9448306266,70480,2024-04-16 04:59:00,2024-04-16 05:10:00,11,4.20,Slightly Delayed,Vehicle breakdown
9452353274,4535,2024-10-10 19:37:00,2024-10-10 19:37:00,0,2.94,On Time,
9453583714,39114,2023-09-01 04:29:00,2023-09-01 04:22:00,-7,5.82,Early,
9472355181,69066,2024-01-23 06:52:00,2024-01-23 06:49:00,-3,1.80,On Time,
9479808024,72459,2023-10-16 05:54:00,2023-10-16 05:56:00,2,1.42,On Time,
9494303116,12071,2024-07-21 11:04:00,2024-07-21 11:00:00,-4,4.69,Early,
9503407492,40500,2023-08-25 22:56:00,2023-08-25 22:51:00,-5,2.45,Early,
9505736584,32176,2024-06-04 05:50:00,2024-06-04 06:14:00,24,2.19,Delayed,High demand surge
9554019312,24936,2023-09-08 02:10:00,2023-09-08 02:07:00,-3,2.99,On Time,
9558804585,32740,2024-03-15 12:09:00,2024-03-15 12:20:00,11,2.81,Slightly Delayed,Vehicle breakdown
9578652103,79729,2024-03-13 05:30:00,2024-03-13 05:40:00,10,3.52,Slightly Delayed,Store packaging delay
9581592141,70962,2024-01-22 23:30:00,2024-01-22 23:25:00,-5,3.12,Early,
9582674091,16055,2024-08-16 11:39:00,2024-08-16 11:37:00,-2,1.88,On Time,
9587315528,92673,2024-08-07 00:21:00,2024-08-07 00:15:00,-6,4.33,Early,
9590518103,39579,2024-03-01 19:32:00,2024-03-01 19:38:00,6,6.37,Slightly Delayed,Road closure or diversion
9594095277,61215,2024-03-10 04:56:00,2024-03-10 05:10:00,14,4.98,Slightly Delayed,Restaurant preparation delay
9603256001,5981,2023-05-08 16:06:00,2023-05-08 16:19:00,13,8.19,Slightly Delayed,High demand surge
9623306038,56254,2023-11-10 05:43:00,2023-11-10 05:54:00,11,5.71,Slightly Delayed,Store packaging delay
9640662474,20774,2024-04-09 14:27:00,2024-04-09 14:26:00,-1,5.46,On Time,
9644738826,61497,2023-11-24 16:34:00,2023-11-24 16:42:00,8,2.08,Slightly Delayed,Customer location hard to find
9653859166,72058,2023-03-16 19:36:00,2023-03-16 19:46:00,10,5.90,Slightly Delayed,Multiple delivery batching
9665004924,98396,2023-07-29 15:48:00,2023-07-29 15:45:00,-3,8.41,On Time,
9670158103,18477,2024-03-11 13:08:00,2024-03-11 13:06:00,-2,3.67,On Time,
9690050839,76868,2024-01-13 02:44:00,2024-01-13 03:24:00,40,2.79,Delayed,Order re-preparation required
9710865146,9882,2023-05-11 05:49:00,2023-05-11 05:52:00,3,4.25,On Time,
9715205272,21783,2024-10-21 22:09:00,2024-10-21 22:11:00,2,1.56,On Time,
9736844695,87624,2024-04-09 20:18:00,2024-04-09 20:19:00,1,4.88,On Time,
9742461226,16877,2024-01-01 00:43:00,2024-01-01 00:46:00,3,5.53,On Time,
9747814712,33342,2023-12-16 15:52:00,2023-12-16 16:12:00,20,4.12,Delayed,Rider assigned late
9753528654,63454,2024-07-26 07:35:00,2024-07-26 07:34:00,-1,4.67,On Time,
9778782281,10170,2023-04-14 21:54:00,2023-04-14 22:25:00,31,4.38,Delayed,Road closure or diversion
9799231260,58378,2024-03-07 09:17:00,2024-03-07 09:18:00,1,6.52,On Time,
9801174908,33767,2024-04-27 11:59:00,2024-04-27 11:57:00,-2,8.25,On Time,
9802569856,93443,2024-04-07 09:25:00,2024-04-07 09:22:00,-3,5.03,On Time,
9806464912,89278,2024-08-21 12:19:00,2024-08-21 12:36:00,17,5.38,Delayed,Restaurant preparation delay
9833179291,97223,2023-05-04 18:52:00,2023-05-04 18:55:00,3,1.67,On Time,
9850673433,19635,2023-05-06 05:56:00,2023-05-06 05:57:00,1,5.82,On Time,
9851365751,83505,2023-10-03 16:23:00,2023-10-03 16:22:00,-1,4.66,On Time,
9852996866,4260,2024-06-26 12:54:00,2024-06-26 12:55:00,1,0.68,On Time,
9855726256,59743,2023-05-17 08:05:00,2023-05-17 08:05:00,0,4.21,On Time,
9858963919,50340,2023-07-02 07:02:00,2023-07-02 07:07:00,5,3.39,Slightly Delayed,Road closure or diversion
9859249765,19900,2024-05-13 14:10:00,2024-05-13 14:48:00,38,1.84,Delayed,Weather conditions - heavy rain
9870610018,44706,2024-02-08 05:36:00,2024-02-08 06:02:00,26,1.33,Delayed,Rider got lost
9931976872,97297,2024-06-24 05:32:00,2024-06-24 05:32:00,0,4.32,On Time,
9950986048,46130,2023-09-09 08:50:00,2023-09-09 08:47:00,-3,6.40,Early,
9957728938,64839,2024-08-05 21:43:00,2024-08-05 21:45:00,2,8.27,On Time,
9957927297,17981,2023-06-07 05:30:00,2023-06-07 05:33:00,3,2.96,On Time,
9991338690,50037,2024-07-29 11:45:00,2024-07-29 11:47:00,2,1.12,On Time,
